Season,Date,HomeTeam,AwayTeam,FTHG,FTAG,FTR,HTHG,HTAG,HTR,HS,AS,HST,AST,HF,AF,HC,AC,HY,AY,HR,AR
17/18,19/08/17,Juventus,Cagliari,3,0,H,2,0,H,17,5,7,2,13,11,4,1,1,0,0,0
17/18,19/08/17,Verona,Napoli,1,3,A,0,2,A,12,22,4,12,7,9,3,6,2,2,0,1
17/18,20/08/17,Atalanta,Roma,0,1,A,0,1,A,14,6,6,1,14,16,4,1,1,2,0,0
17/18,20/08/17,Bologna,Torino,1,1,D,1,1,D,13,9,3,3,18,10,0,8,2,1,0,0
17/18,20/08/17,Crotone,Milan,0,3,A,0,3,A,6,19,2,10,9,14,2,9,1,3,1,0
17/18,20/08/17,Inter,Fiorentina,3,0,H,2,0,H,16,15,6,3,7,13,9,7,0,1,0,0
17/18,20/08/17,Lazio,Spal,0,0,D,0,0,D,23,9,13,2,20,4,9,5,2,2,0,0
17/18,20/08/17,Sampdoria,Benevento,2,1,H,1,1,D,16,18,6,7,10,10,6,7,1,2,0,0
17/18,20/08/17,Sassuolo,Genoa,0,0,D,0,0,D,14,12,3,4,16,28,2,5,2,3,0,0
17/18,20/08/17,Udinese,Chievo,1,2,A,1,1,D,18,10,5,3,11,10,5,4,2,2,0,0
17/18,26/08/17,Benevento,Bologna,0,1,A,0,0,D,15,14,5,4,10,13,6,2,1,3,0,0
17/18,26/08/17,Genoa,Juventus,2,4,A,2,2,D,9,17,3,7,13,8,1,4,4,3,0,0
17/18,26/08/17,Roma,Inter,1,3,A,1,0,H,18,14,3,8,12,8,12,6,1,1,0,0
17/18,27/08/17,Chievo,Lazio,1,2,A,1,1,D,13,13,5,3,8,8,9,6,1,1,0,0
17/18,27/08/17,Crotone,Verona,0,0,D,0,0,D,13,5,4,0,13,11,1,3,1,3,0,0
17/18,27/08/17,Fiorentina,Sampdoria,1,2,A,0,2,A,25,12,10,5,20,11,14,7,3,4,0,0
17/18,27/08/17,Milan,Cagliari,2,1,H,1,0,H,15,14,5,4,20,17,2,6,2,1,0,0
17/18,27/08/17,Napoli,Atalanta,3,1,H,0,1,A,10,14,4,2,15,9,9,6,1,2,0,0
17/18,27/08/17,Spal,Udinese,3,2,H,1,0,H,10,11,4,3,9,14,0,7,3,1,0,0
17/18,27/08/17,Torino,Sassuolo,3,0,H,1,0,H,14,19,5,2,13,16,5,11,1,1,0,0
17/18,09/09/17,Juventus,Chievo,3,0,H,1,0,H,15,15,4,2,10,7,10,6,2,1,0,0
17/18,10/09/17,Atalanta,Sassuolo,2,1,H,1,1,D,9,16,3,3,13,18,3,7,0,1,0,0
17/18,10/09/17,Benevento,Torino,0,1,A,0,0,D,15,16,5,6,13,22,2,10,2,2,0,0
17/18,10/09/17,Bologna,Napoli,0,3,A,0,0,D,5,17,2,7,10,16,5,7,5,1,0,0
17/18,10/09/17,Cagliari,Crotone,1,0,H,1,0,H,13,9,4,2,16,16,6,4,2,1,0,0
17/18,10/09/17,Inter,Spal,2,0,H,1,0,H,19,9,7,1,14,13,8,5,2,2,0,0
17/18,10/09/17,Lazio,Milan,4,1,H,2,0,H,12,18,7,6,14,12,3,5,1,1,0,0
17/18,10/09/17,Udinese,Genoa,1,0,H,1,0,H,14,12,5,2,12,17,1,8,4,0,1,1
17/18,10/09/17,Verona,Fiorentina,0,5,A,0,3,A,14,20,2,10,12,11,8,6,2,1,0,0
17/18,16/09/17,Crotone,Inter,0,2,A,0,0,D,12,7,4,3,10,6,8,6,1,2,0,0
17/18,16/09/17,Fiorentina,Bologna,2,1,H,0,0,D,14,6,4,2,16,8,7,3,1,3,0,0
17/18,16/09/17,Roma,Verona,3,0,H,2,0,H,30,8,10,1,7,12,8,1,1,1,0,1
17/18,17/09/17,Chievo,Atalanta,1,1,D,0,0,D,15,10,4,6,13,11,6,5,2,0,0,0
17/18,17/09/17,Genoa,Lazio,2,3,A,0,1,A,5,18,4,6,10,12,2,1,1,2,0,0
17/18,17/09/17,Milan,Udinese,2,1,H,2,1,H,21,4,7,2,13,10,10,3,1,2,0,0
17/18,17/09/17,Napoli,Benevento,6,0,H,4,0,H,27,6,14,0,6,7,8,1,0,1,0,0
17/18,17/09/17,Sassuolo,Juventus,1,3,A,0,1,A,13,14,4,6,15,13,3,4,1,2,0,0
17/18,17/09/17,Spal,Cagliari,0,2,A,0,1,A,12,11,3,3,12,21,7,4,1,3,0,0
17/18,17/09/17,Torino,Sampdoria,2,2,D,2,2,D,13,11,3,5,14,15,3,6,2,1,0,0
17/18,19/09/17,Bologna,Inter,1,1,D,1,0,H,14,11,3,3,12,18,4,11,4,3,0,0
17/18,20/09/17,Atalanta,Crotone,5,1,H,3,0,H,14,7,11,5,5,19,3,3,0,1,0,0
17/18,20/09/17,Benevento,Roma,0,4,A,0,2,A,16,21,5,7,10,8,2,9,2,0,0,0
17/18,20/09/17,Cagliari,Sassuolo,0,1,A,0,0,D,17,14,3,6,21,10,5,2,3,3,0,0
17/18,20/09/17,Genoa,Chievo,1,1,D,0,0,D,11,16,2,7,19,7,6,2,1,2,0,0
17/18,20/09/17,Juventus,Fiorentina,1,0,H,0,0,D,12,9,5,0,10,23,3,1,1,2,0,1
17/18,20/09/17,Lazio,Napoli,1,4,A,1,0,H,4,17,2,11,9,13,3,2,2,3,0,0
17/18,20/09/17,Milan,Spal,2,0,H,1,0,H,20,6,7,0,19,15,9,8,1,2,0,0
17/18,20/09/17,Udinese,Torino,2,3,A,0,2,A,16,13,6,8,17,13,12,1,1,5,0,0
17/18,20/09/17,Verona,Sampdoria,0,0,D,0,0,D,14,17,6,5,17,6,4,7,3,1,0,0
17/18,23/09/17,Juventus,Torino,4,0,H,2,0,H,23,6,10,1,16,12,6,3,1,4,0,1
17/18,23/09/17,Roma,Udinese,3,1,H,3,0,H,18,14,8,5,9,10,5,8,0,1,0,0
17/18,23/09/17,Spal,Napoli,2,3,A,1,1,D,6,21,2,12,9,11,4,6,3,1,0,0
17/18,24/09/17,Cagliari,Chievo,0,2,A,0,0,D,15,16,3,4,25,16,6,2,2,2,1,0
17/18,24/09/17,Crotone,Benevento,2,0,H,1,0,H,17,16,4,2,12,12,2,7,0,0,0,0
17/18,24/09/17,Fiorentina,Atalanta,1,1,D,1,0,H,10,16,2,5,22,11,3,8,2,5,0,0
17/18,24/09/17,Inter,Genoa,1,0,H,0,0,D,14,9,7,3,10,14,8,4,0,2,0,2
17/18,24/09/17,Sampdoria,Milan,2,0,H,0,0,D,12,6,4,0,13,17,7,4,0,2,0,0
17/18,24/09/17,Sassuolo,Bologna,0,1,A,0,0,D,8,8,3,4,11,15,3,6,3,4,1,0
17/18,24/09/17,Verona,Lazio,0,3,A,0,2,A,9,12,2,5,8,13,3,4,2,2,0,0
17/18,30/09/17,Genoa,Bologna,0,1,A,0,0,D,18,8,7,4,15,9,10,3,4,2,0,0
17/18,30/09/17,Udinese,Sampdoria,4,0,H,1,0,H,15,13,7,2,12,10,3,4,4,2,0,1
17/18,01/10/17,Atalanta,Juventus,2,2,D,1,2,A,7,16,3,8,22,11,0,3,3,1,0,0
17/18,01/10/17,Benevento,Inter,1,2,A,1,2,A,11,22,2,7,13,10,1,11,2,3,0,0
17/18,01/10/17,Chievo,Fiorentina,2,1,H,1,1,D,13,22,6,4,10,10,3,7,2,1,0,0
17/18,01/10/17,Lazio,Sassuolo,6,1,H,1,1,D,22,8,13,6,13,8,5,4,2,3,0,0
17/18,01/10/17,Milan,Roma,0,2,A,0,0,D,17,11,3,6,15,8,5,5,3,1,1,0
17/18,01/10/17,Napoli,Cagliari,3,0,H,2,0,H,25,4,6,0,6,10,7,2,0,0,0,0
17/18,01/10/17,Spal,Crotone,1,1,D,1,0,H,17,13,5,4,12,17,12,6,2,1,0,0
17/18,01/10/17,Torino,Verona,2,2,D,2,0,H,12,20,5,7,11,15,6,5,1,4,0,1
17/18,14/10/17,Juventus,Lazio,1,2,A,1,0,H,18,10,6,5,10,14,4,2,2,1,0,0
17/18,14/10/17,Roma,Napoli,0,1,A,0,1,A,10,16,2,6,12,9,5,2,2,2,0,0
17/18,15/10/17,Bologna,Spal,2,1,H,1,0,H,14,7,2,2,20,14,2,5,2,2,0,0
17/18,15/10/17,Cagliari,Genoa,2,3,A,0,2,A,12,18,7,11,13,14,6,7,2,0,0,0
17/18,15/10/17,Crotone,Torino,2,2,D,1,0,H,9,21,3,9,15,7,3,8,1,0,0,0
17/18,15/10/17,Fiorentina,Udinese,2,1,H,1,0,H,13,8,6,2,11,14,4,4,1,1,0,0
17/18,15/10/17,Inter,Milan,3,2,H,1,0,H,15,21,6,6,17,12,2,7,6,2,0,0
17/18,15/10/17,Sampdoria,Atalanta,3,1,H,0,1,A,11,21,7,11,10,14,4,6,3,3,0,0
17/18,15/10/17,Sassuolo,Chievo,0,0,D,0,0,D,18,9,4,2,8,15,6,8,2,0,0,0
17/18,16/10/17,Verona,Benevento,1,0,H,0,0,D,13,8,3,1,15,12,5,3,4,3,0,1
17/18,21/10/17,Napoli,Inter,0,0,D,0,0,D,12,11,3,2,9,9,5,7,1,1,0,0
17/18,21/10/17,Sampdoria,Crotone,5,0,H,3,0,H,6,8,5,2,11,20,4,0,1,3,0,0
17/18,22/10/17,Atalanta,Bologna,1,0,H,0,0,D,20,6,2,0,12,15,10,3,3,4,0,1
17/18,22/10/17,Benevento,Fiorentina,0,3,A,0,1,A,9,14,1,7,16,18,3,5,2,1,0,0
17/18,22/10/17,Chievo,Verona,3,2,H,2,1,H,22,11,8,3,8,11,5,4,2,3,0,1
17/18,22/10/17,Lazio,Cagliari,3,0,H,2,0,H,10,12,3,5,12,15,4,5,1,4,0,0
17/18,22/10/17,Milan,Genoa,0,0,D,0,0,D,18,12,7,2,14,21,5,3,0,2,1,0
17/18,22/10/17,Spal,Sassuolo,0,1,A,0,1,A,13,12,2,2,18,15,10,3,3,3,0,1
17/18,22/10/17,Torino,Roma,0,1,A,0,0,D,5,16,0,5,26,14,0,5,1,1,0,0
17/18,22/10/17,Udinese,Juventus,2,6,A,1,2,A,11,13,4,5,19,9,1,6,6,3,0,1
17/18,24/10/17,Inter,Sampdoria,3,2,H,2,0,H,24,12,8,2,12,11,8,4,2,2,0,0
17/18,25/10/17,Atalanta,Verona,3,0,H,0,0,D,23,11,7,4,7,14,5,5,0,0,0,0
17/18,25/10/17,Bologna,Lazio,1,2,A,0,2,A,7,14,3,3,12,9,10,4,2,2,0,0
17/18,25/10/17,Cagliari,Benevento,2,1,H,1,0,H,13,9,5,3,26,15,5,2,5,1,0,0
17/18,25/10/17,Chievo,Milan,1,4,A,0,2,A,9,17,3,4,12,10,1,1,2,3,0,0
17/18,25/10/17,Fiorentina,Torino,3,0,H,1,0,H,15,5,7,0,22,22,5,6,1,3,0,1
17/18,25/10/17,Genoa,Napoli,2,3,A,1,2,A,7,19,4,6,8,5,1,4,1,1,0,0
17/18,25/10/17,Juventus,Spal,4,1,H,2,1,H,16,6,6,2,16,13,5,2,1,0,0,0
17/18,25/10/17,Roma,Crotone,1,0,H,1,0,H,20,3,4,2,8,9,10,1,0,1,0,0
17/18,25/10/17,Sassuolo,Udinese,0,1,A,0,1,A,11,8,3,2,15,19,6,3,2,3,0,0
17/18,28/10/17,Milan,Juventus,0,2,A,0,1,A,11,9,4,4,21,10,5,6,2,0,0,0
17/18,28/10/17,Roma,Bologna,1,0,H,1,0,H,15,10,3,2,10,13,7,5,1,4,0,0
17/18,29/10/17,Benevento,Lazio,1,5,A,0,3,A,19,12,6,9,12,10,2,6,1,1,0,0
17/18,29/10/17,Crotone,Fiorentina,2,1,H,2,1,H,11,17,5,3,19,17,3,5,3,3,0,0
17/18,29/10/17,Napoli,Sassuolo,3,1,H,2,1,H,26,8,9,1,14,13,6,5,2,2,0,0
17/18,29/10/17,Sampdoria,Chievo,4,1,H,3,1,H,15,13,7,6,9,11,8,6,2,3,0,0
17/18,29/10/17,Spal,Genoa,1,0,H,0,0,D,7,13,3,2,14,24,4,5,4,3,0,0
17/18,29/10/17,Torino,Cagliari,2,1,H,1,1,D,19,7,6,3,9,19,7,6,4,3,0,0
17/18,29/10/17,Udinese,Atalanta,2,1,H,1,1,D,7,7,4,2,15,15,5,7,0,2,0,0
17/18,30/10/17,Verona,Inter,1,2,A,0,1,A,10,17,2,4,12,9,4,7,4,2,0,0
17/18,04/11/17,Bologna,Crotone,2,3,A,2,1,H,15,10,5,6,14,14,5,2,2,3,0,0
17/18,04/11/17,Genoa,Sampdoria,0,2,A,0,1,A,14,11,2,5,22,8,5,2,4,2,0,0
17/18,05/11/17,Atalanta,Spal,1,1,D,1,0,H,9,11,3,3,14,13,3,3,0,2,1,0
17/18,05/11/17,Cagliari,Verona,2,1,H,1,1,D,22,9,9,2,11,15,8,2,2,4,0,0
17/18,05/11/17,Chievo,Napoli,0,0,D,0,0,D,3,19,1,5,7,7,2,11,1,3,0,0
17/18,05/11/17,Fiorentina,Roma,2,4,A,2,2,D,20,21,6,10,15,10,6,9,1,1,0,0
17/18,05/11/17,Inter,Torino,1,1,D,0,0,D,20,7,5,3,19,12,8,3,3,5,0,0
17/18,05/11/17,Juventus,Benevento,2,1,H,0,1,A,27,3,8,1,15,13,8,2,3,3,0,0
17/18,05/11/17,Sassuolo,Milan,0,2,A,0,1,A,6,14,1,10,20,15,7,10,2,3,0,0
17/18,18/11/17,Napoli,Milan,2,1,H,1,0,H,16,13,10,3,17,7,3,1,2,1,0,0
17/18,18/11/17,Roma,Lazio,2,1,H,0,0,D,16,12,7,2,11,17,6,7,2,4,0,0
17/18,19/11/17,Benevento,Sassuolo,1,2,A,0,0,D,13,15,6,5,26,11,6,5,4,1,1,0
17/18,19/11/17,Crotone,Genoa,0,1,A,0,1,A,11,10,5,7,17,15,5,2,1,3,0,0
17/18,19/11/17,Inter,Atalanta,2,0,H,0,0,D,8,8,4,1,10,13,1,2,0,2,0,0
17/18,19/11/17,Sampdoria,Juventus,3,2,H,0,0,D,9,19,5,4,12,15,3,4,4,3,0,0
17/18,19/11/17,Spal,Fiorentina,1,1,D,1,0,H,7,20,1,5,10,17,1,8,4,3,1,0
17/18,19/11/17,Torino,Chievo,1,1,D,1,1,D,19,12,5,4,9,15,5,1,1,1,0,1
17/18,19/11/17,Udinese,Cagliari,0,1,A,0,0,D,14,12,5,4,9,11,6,4,1,0,1,0
17/18,20/11/17,Verona,Bologna,2,3,A,2,1,H,17,12,5,5,11,11,6,4,2,1,0,0
17/18,25/11/17,Bologna,Sampdoria,3,0,H,2,0,H,11,20,6,7,5,13,5,12,2,2,1,0
17/18,25/11/17,Cagliari,Inter,1,3,A,0,1,A,15,10,4,4,12,15,7,5,2,2,0,0
17/18,25/11/17,Chievo,Spal,2,1,H,0,1,A,12,14,3,5,23,24,2,8,0,1,0,0
17/18,25/11/17,Sassuolo,Verona,0,2,A,0,2,A,20,9,3,6,10,15,10,6,0,3,0,1
17/18,26/11/17,Genoa,Roma,1,1,D,0,0,D,9,14,4,4,15,16,1,4,1,3,0,1
17/18,26/11/17,Juventus,Crotone,3,0,H,0,0,D,25,4,10,1,8,9,7,0,2,2,0,0
17/18,26/11/17,Lazio,Fiorentina,1,1,D,1,0,H,13,16,7,8,16,8,6,5,2,2,0,0
17/18,26/11/17,Milan,Torino,0,0,D,0,0,D,17,8,6,2,15,20,5,4,0,2,0,0
17/18,26/11/17,Udinese,Napoli,0,1,A,0,1,A,10,9,2,4,14,7,3,7,5,1,0,0
17/18,27/11/17,Atalanta,Benevento,1,0,H,0,0,D,14,6,4,2,11,16,9,3,1,2,0,0
17/18,01/12/17,Napoli,Juventus,0,1,A,0,1,A,21,7,6,4,9,5,10,3,2,1,0,0
17/18,01/12/17,Roma,Spal,3,1,H,2,0,H,37,3,15,2,10,12,10,0,1,2,0,1
17/18,02/12/17,Torino,Atalanta,1,1,D,1,0,H,9,14,4,6,9,13,5,7,2,2,0,0
17/18,03/12/17,Benevento,Milan,2,2,D,0,1,A,17,12,6,7,16,12,4,3,3,5,0,1
17/18,03/12/17,Bologna,Cagliari,1,1,D,0,1,A,13,8,3,2,15,20,5,3,6,2,0,0
17/18,03/12/17,Fiorentina,Sassuolo,3,0,H,2,0,H,23,8,9,1,9,9,13,8,1,3,0,0
17/18,03/12/17,Inter,Chievo,5,0,H,2,0,H,37,7,13,4,11,4,18,2,1,0,0,0
17/18,03/12/17,Sampdoria,Lazio,1,2,A,0,0,D,16,14,3,3,10,12,5,6,0,1,0,0
17/18,04/12/17,Crotone,Udinese,0,3,A,0,1,A,9,15,2,6,8,11,7,7,0,0,0,0
17/18,04/12/17,Verona,Genoa,0,1,A,0,1,A,15,9,3,1,17,19,2,3,2,4,0,0
17/18,09/12/17,Cagliari,Sampdoria,2,2,D,0,2,A,14,16,6,9,15,11,6,4,3,0,0,0
17/18,09/12/17,Juventus,Inter,0,0,D,0,0,D,19,6,8,1,10,21,3,4,2,5,0,0
17/18,10/12/17,Chievo,Roma,0,0,D,0,0,D,9,24,1,8,10,8,1,13,1,2,0,0
17/18,10/12/17,Milan,Bologna,2,1,H,1,1,D,21,10,7,2,9,7,12,7,0,0,0,0
17/18,10/12/17,Napoli,Fiorentina,0,0,D,0,0,D,10,6,4,3,10,6,4,2,3,3,0,0
17/18,10/12/17,Sassuolo,Crotone,2,1,H,0,0,D,16,8,7,2,10,15,8,6,3,2,0,0
17/18,10/12/17,Spal,Verona,2,2,D,0,0,D,19,16,10,8,14,15,8,6,3,2,0,0
17/18,10/12/17,Udinese,Benevento,2,0,H,2,0,H,9,20,2,5,16,15,3,9,1,2,0,0
17/18,11/12/17,Lazio,Torino,1,3,A,0,0,D,20,18,7,6,7,16,13,2,1,1,1,0
17/18,12/12/17,Genoa,Atalanta,1,2,A,1,1,D,15,13,4,7,14,20,7,5,3,2,0,0
17/18,16/12/17,Inter,Udinese,1,3,A,1,1,D,26,8,8,5,9,16,15,3,1,4,0,0
17/18,16/12/17,Roma,Cagliari,1,0,H,0,0,D,21,3,6,0,14,15,5,1,1,3,0,0
17/18,16/12/17,Torino,Napoli,1,3,A,0,3,A,8,12,2,4,8,8,4,5,1,1,0,0
17/18,17/12/17,Atalanta,Lazio,3,3,D,2,2,D,13,13,6,4,5,12,5,7,2,2,0,0
17/18,17/12/17,Benevento,Spal,1,2,A,0,0,D,16,14,4,5,14,11,6,3,2,3,0,0
17/18,17/12/17,Bologna,Juventus,0,3,A,0,2,A,3,11,1,6,9,9,3,7,3,1,0,0
17/18,17/12/17,Crotone,Chievo,1,0,H,1,0,H,15,15,6,4,17,13,6,4,4,4,0,0
17/18,17/12/17,Fiorentina,Genoa,0,0,D,0,0,D,22,5,4,3,13,9,3,4,2,2,0,0
17/18,17/12/17,Sampdoria,Sassuolo,0,1,A,0,0,D,13,15,2,7,15,16,7,5,1,6,0,0
17/18,17/12/17,Verona,Milan,3,0,H,1,0,H,6,30,4,8,12,13,4,13,3,2,0,1
17/18,22/12/17,Cagliari,Fiorentina,0,1,A,0,0,D,8,26,1,7,14,13,7,10,2,2,1,0
17/18,22/12/17,Chievo,Bologna,2,3,A,1,1,D,21,9,8,5,13,13,7,5,2,2,0,1
17/18,23/12/17,Genoa,Benevento,1,0,H,0,0,D,15,12,5,3,14,17,8,4,2,5,0,0
17/18,23/12/17,Juventus,Roma,1,0,H,1,0,H,22,13,7,3,9,13,3,5,2,3,0,0
17/18,23/12/17,Lazio,Crotone,4,0,H,0,0,D,19,8,6,2,12,7,10,3,1,2,0,0
17/18,23/12/17,Milan,Atalanta,0,2,A,0,1,A,23,11,5,7,17,11,7,4,2,0,0,0
17/18,23/12/17,Napoli,Sampdoria,3,2,H,3,2,H,14,6,9,2,17,15,2,2,4,5,1,0
17/18,23/12/17,Sassuolo,Inter,1,0,H,1,0,H,9,16,4,4,14,18,1,10,1,2,0,0
17/18,23/12/17,Spal,Torino,2,2,D,1,2,A,15,15,4,5,12,21,9,3,4,2,0,0
17/18,23/12/17,Udinese,Verona,4,0,H,2,0,H,27,3,10,0,12,15,7,1,0,3,0,0
17/18,29/12/17,Crotone,Napoli,0,1,A,0,1,A,5,23,2,7,10,6,2,15,1,2,0,0
17/18,30/12/17,Atalanta,Cagliari,1,2,A,0,2,A,25,4,6,3,6,19,5,3,0,5,0,1
17/18,30/12/17,Benevento,Chievo,1,0,H,0,0,D,18,9,9,3,14,17,7,1,1,2,0,0
17/18,30/12/17,Bologna,Udinese,1,2,A,1,1,D,12,7,3,4,14,16,8,0,2,3,0,0
17/18,30/12/17,Fiorentina,Milan,1,1,D,0,0,D,18,8,6,4,11,12,2,5,1,1,0,0
17/18,30/12/17,Inter,Lazio,0,0,D,0,0,D,10,12,3,4,13,9,10,8,2,1,0,0
17/18,30/12/17,Roma,Sassuolo,1,1,D,1,0,H,21,15,4,5,13,12,7,4,1,2,0,0
17/18,30/12/17,Sampdoria,Spal,2,0,H,0,0,D,20,9,8,2,16,15,11,3,3,4,0,0
17/18,30/12/17,Torino,Genoa,0,0,D,0,0,D,17,3,6,1,25,23,8,3,1,3,0,0
17/18,30/12/17,Verona,Juventus,1,3,A,0,1,A,3,18,1,8,22,4,6,6,2,0,0,0
17/18,05/01/18,Chievo,Udinese,1,1,D,1,1,D,11,9,6,1,6,20,5,5,0,1,0,0
17/18,05/01/18,Fiorentina,Inter,1,1,D,0,0,D,23,13,4,4,9,11,7,5,2,3,0,0
17/18,06/01/18,Benevento,Sampdoria,3,2,H,0,1,A,16,13,4,6,10,9,6,7,1,1,0,1
17/18,06/01/18,Cagliari,Juventus,0,1,A,0,0,D,9,16,2,2,17,13,5,3,1,2,0,0
17/18,06/01/18,Genoa,Sassuolo,1,0,H,0,0,D,7,10,3,1,17,16,5,5,3,1,0,0
17/18,06/01/18,Milan,Crotone,1,0,H,0,0,D,26,8,9,2,17,16,14,0,2,2,0,0
17/18,06/01/18,Napoli,Verona,2,0,H,0,0,D,24,3,9,1,9,8,5,1,0,4,0,0
17/18,06/01/18,Roma,Atalanta,1,2,A,0,2,A,18,11,5,4,12,6,12,7,1,3,0,1
17/18,06/01/18,Spal,Lazio,2,5,A,2,4,A,13,15,4,7,8,14,9,4,2,3,0,0
17/18,06/01/18,Torino,Bologna,3,0,H,1,0,H,19,6,6,1,13,12,4,5,1,2,0,0
17/18,21/01/18,Atalanta,Napoli,0,1,A,0,0,D,9,12,3,3,10,13,8,7,0,2,0,0
17/18,21/01/18,Bologna,Benevento,3,0,H,1,0,H,8,4,6,1,11,15,5,3,4,2,0,0
17/18,21/01/18,Cagliari,Milan,1,2,A,1,2,A,12,16,3,6,23,17,5,8,5,4,1,1
17/18,21/01/18,Inter,Roma,1,1,D,0,1,A,17,7,7,1,13,13,6,5,2,0,0,0
17/18,21/01/18,Lazio,Chievo,5,1,H,2,1,H,18,9,11,3,5,3,2,2,1,0,0,0
17/18,21/01/18,Sampdoria,Fiorentina,3,1,H,1,0,H,14,12,10,5,5,16,7,4,1,2,0,0
17/18,21/01/18,Sassuolo,Torino,1,1,D,0,1,A,18,9,6,4,16,15,6,7,4,2,0,0
17/18,21/01/18,Udinese,Spal,1,1,D,1,0,H,6,14,1,4,23,12,5,7,2,3,0,0
17/18,21/01/18,Verona,Crotone,0,3,A,0,1,A,10,9,2,5,13,15,5,1,1,5,1,0
17/18,22/01/18,Juventus,Genoa,1,0,H,1,0,H,15,3,5,0,23,17,4,3,1,5,0,0
17/18,24/01/18,Lazio,Udinese,3,0,H,1,0,H,11,12,7,4,8,5,3,6,0,2,0,0
17/18,24/01/18,Sampdoria,Roma,1,1,D,1,0,H,13,20,3,4,10,12,6,7,1,3,0,0
17/18,27/01/18,Chievo,Juventus,0,2,A,0,0,D,1,16,1,7,9,11,2,4,2,2,2,0
17/18,27/01/18,Sassuolo,Atalanta,0,3,A,0,1,A,10,17,1,10,11,11,5,7,2,0,1,0
17/18,28/01/18,Crotone,Cagliari,1,1,D,1,1,D,13,6,6,3,18,15,9,4,2,2,0,1
17/18,28/01/18,Fiorentina,Verona,1,4,A,0,2,A,28,8,6,5,13,16,11,3,3,4,0,0
17/18,28/01/18,Genoa,Udinese,0,1,A,0,0,D,19,6,2,1,11,17,10,3,2,0,0,1
17/18,28/01/18,Milan,Lazio,2,1,H,2,1,H,11,13,5,4,8,14,4,3,2,6,0,0
17/18,28/01/18,Napoli,Bologna,3,1,H,2,1,H,9,10,4,5,7,13,7,3,1,2,0,0
17/18,28/01/18,Roma,Sampdoria,0,1,A,0,0,D,19,15,8,10,8,7,10,10,2,2,0,0
17/18,28/01/18,Spal,Inter,1,1,D,0,0,D,12,10,3,6,7,26,4,6,1,0,0,0
17/18,28/01/18,Torino,Benevento,3,0,H,3,0,H,14,6,5,1,14,10,6,3,2,1,0,1
17/18,03/02/18,Inter,Crotone,1,1,D,1,0,H,11,11,2,2,14,8,7,4,1,3,0,0
17/18,03/02/18,Sampdoria,Torino,1,1,D,1,1,D,9,14,3,5,15,19,6,4,3,4,0,1
17/18,04/02/18,Atalanta,Chievo,1,0,H,0,0,D,24,4,4,0,11,14,10,3,0,1,0,0
17/18,04/02/18,Benevento,Napoli,0,2,A,0,1,A,14,17,4,5,4,6,4,5,1,0,0,0
17/18,04/02/18,Bologna,Fiorentina,1,2,A,1,1,D,8,11,4,6,11,12,4,4,2,1,0,0
17/18,04/02/18,Cagliari,Spal,2,0,H,1,0,H,10,10,4,3,26,16,6,3,5,2,0,0
17/18,04/02/18,Juventus,Sassuolo,7,0,H,4,0,H,17,5,10,1,8,8,5,1,0,2,0,0
17/18,04/02/18,Udinese,Milan,1,1,D,0,1,A,13,15,3,4,18,13,5,5,2,2,0,1
17/18,04/02/18,Verona,Roma,0,1,A,0,1,A,9,17,1,8,17,7,4,6,3,1,0,1
17/18,05/02/18,Lazio,Genoa,1,2,A,0,0,D,22,6,5,4,7,9,8,1,0,1,0,0
17/18,09/02/18,Fiorentina,Juventus,0,2,A,0,0,D,12,4,2,3,12,17,2,5,4,3,0,0
17/18,10/02/18,Crotone,Atalanta,1,1,D,0,0,D,9,13,4,4,16,13,4,9,4,2,0,0
17/18,10/02/18,Napoli,Lazio,4,1,H,1,1,D,17,5,7,1,5,10,2,2,0,3,0,0
17/18,10/02/18,Spal,Milan,0,4,A,0,1,A,8,21,0,9,17,16,3,5,3,3,0,0
17/18,11/02/18,Chievo,Genoa,0,1,A,0,0,D,6,10,1,3,16,17,3,7,1,1,0,0
17/18,11/02/18,Inter,Bologna,2,1,H,1,1,D,15,8,5,4,18,17,7,2,1,3,0,2
17/18,11/02/18,Roma,Benevento,5,2,H,1,1,D,20,6,9,3,9,7,10,3,0,0,0,0
17/18,11/02/18,Sampdoria,Verona,2,0,H,0,0,D,22,6,10,1,10,15,8,4,1,1,0,0
17/18,11/02/18,Sassuolo,Cagliari,0,0,D,0,0,D,15,5,1,2,12,15,4,2,0,1,0,0
17/18,11/02/18,Torino,Udinese,2,0,H,1,0,H,14,12,7,0,12,16,7,3,2,1,0,0
17/18,17/02/18,Chievo,Cagliari,2,1,H,0,0,D,9,5,5,3,10,23,7,1,2,3,0,0
17/18,17/02/18,Genoa,Inter,2,0,H,1,0,H,9,14,2,5,11,9,10,8,0,1,0,0
17/18,17/02/18,Udinese,Roma,0,2,A,0,0,D,8,18,3,7,11,10,2,7,3,1,0,0
17/18,18/02/18,Atalanta,Fiorentina,1,1,D,1,1,D,7,17,3,2,10,18,2,5,2,6,0,1
17/18,18/02/18,Benevento,Crotone,3,2,H,1,1,D,16,19,8,3,14,10,7,4,5,2,0,0
17/18,18/02/18,Bologna,Sassuolo,2,1,H,1,1,D,10,19,6,6,12,19,2,9,1,4,0,1
17/18,18/02/18,Milan,Sampdoria,1,0,H,1,0,H,20,9,8,2,13,15,11,1,1,3,0,0
17/18,18/02/18,Napoli,Spal,1,0,H,1,0,H,19,4,5,1,10,11,10,1,1,4,0,0
17/18,18/02/18,Torino,Juventus,0,1,A,0,1,A,6,8,3,3,14,8,2,3,1,1,0,0
17/18,19/02/18,Lazio,Verona,2,0,H,0,0,D,33,5,10,0,7,10,11,2,0,1,0,0
17/18,24/02/18,Bologna,Genoa,2,0,H,0,0,D,7,16,4,3,9,12,2,8,2,0,0,0
17/18,24/02/18,Inter,Benevento,2,0,H,0,0,D,9,10,4,1,15,14,6,2,2,3,0,1
17/18,25/02/18,Crotone,Spal,2,3,A,0,1,A,17,10,7,6,19,13,5,4,1,4,0,0
17/18,25/02/18,Fiorentina,Chievo,1,0,H,1,0,H,14,5,5,2,16,17,9,10,1,1,0,0
17/18,25/02/18,Roma,Milan,0,2,A,0,0,D,18,10,3,5,11,6,9,3,0,0,0,0
17/18,25/02/18,Sampdoria,Udinese,2,1,H,1,0,H,14,16,3,4,11,16,5,4,2,2,0,0
17/18,25/02/18,Sassuolo,Lazio,0,3,A,0,2,A,15,6,4,4,11,10,4,0,3,3,1,1
17/18,25/02/18,Verona,Torino,2,1,H,1,0,H,7,12,4,2,12,19,7,7,3,1,0,0
17/18,26/02/18,Cagliari,Napoli,0,5,A,0,2,A,7,18,3,8,12,5,1,2,2,1,0,0
17/18,03/03/18,Lazio,Juventus,0,1,A,0,0,D,4,6,2,1,16,11,4,4,3,2,0,0
17/18,03/03/18,Napoli,Roma,2,4,A,1,2,A,26,11,13,5,7,8,10,2,1,2,0,0
17/18,03/03/18,Spal,Bologna,1,0,H,0,0,D,11,6,1,0,12,15,4,4,5,3,1,1
17/18,09/03/18,Roma,Torino,3,0,H,0,0,D,15,10,5,3,8,21,13,6,1,2,0,0
17/18,10/03/18,Verona,Chievo,1,0,H,0,0,D,7,10,2,2,11,16,3,4,4,6,0,0
17/18,11/03/18,Bologna,Atalanta,0,1,A,0,0,D,10,21,1,5,11,12,5,10,3,0,0,0
17/18,11/03/18,Cagliari,Lazio,2,2,D,1,1,D,5,12,4,4,13,10,1,4,2,4,0,0
17/18,11/03/18,Crotone,Sampdoria,4,1,H,3,0,H,14,11,8,2,16,20,3,10,1,2,0,0
17/18,11/03/18,Fiorentina,Benevento,1,0,H,1,0,H,14,11,5,3,11,8,8,9,2,3,0,0
17/18,11/03/18,Genoa,Milan,0,1,A,0,0,D,9,14,2,7,5,9,3,3,1,0,0,0
17/18,11/03/18,Inter,Napoli,0,0,D,0,0,D,3,11,1,2,9,10,2,3,1,3,0,0
17/18,11/03/18,Juventus,Udinese,2,0,H,1,0,H,11,5,4,1,7,9,5,3,1,2,0,0
17/18,11/03/18,Sassuolo,Spal,1,1,D,1,1,D,15,6,4,2,13,14,9,3,3,3,0,0
17/18,14/03/18,Juventus,Atalanta,2,0,H,1,0,H,15,8,3,0,8,23,3,8,3,5,0,1
17/18,17/03/18,Spal,Juventus,0,0,D,0,0,D,3,12,0,3,15,16,3,7,5,2,0,0
17/18,17/03/18,Udinese,Sassuolo,1,2,A,1,1,D,11,12,3,3,14,15,4,7,1,2,0,0
17/18,18/03/18,Benevento,Cagliari,1,2,A,0,0,D,15,12,4,3,11,7,5,9,2,2,0,0
17/18,18/03/18,Crotone,Roma,0,2,A,0,1,A,8,20,3,8,10,11,4,5,0,0,0,0
17/18,18/03/18,Lazio,Bologna,1,1,D,1,1,D,21,10,4,3,7,9,5,3,2,2,0,0
17/18,18/03/18,Milan,Chievo,3,2,H,1,2,A,18,6,6,2,13,18,10,1,3,5,0,0
17/18,18/03/18,Napoli,Genoa,1,0,H,0,0,D,16,12,4,3,7,11,8,3,1,2,0,0
17/18,18/03/18,Sampdoria,Inter,0,5,A,0,4,A,10,15,2,8,6,9,7,9,2,1,0,0
17/18,18/03/18,Torino,Fiorentina,1,2,A,0,0,D,10,13,3,5,14,16,2,3,3,3,0,0
17/18,18/03/18,Verona,Atalanta,0,5,A,0,2,A,6,24,0,11,11,13,4,4,3,2,0,0
17/18,31/03/18,Atalanta,Udinese,2,0,H,0,0,D,23,9,7,2,9,10,10,6,1,2,0,0
17/18,31/03/18,Bologna,Roma,1,1,D,1,0,H,6,17,1,5,14,7,3,11,3,1,0,0
17/18,31/03/18,Cagliari,Torino,0,4,A,0,0,D,9,13,2,6,10,16,5,7,0,1,0,0
17/18,31/03/18,Chievo,Sampdoria,2,1,H,0,1,A,7,15,4,7,15,11,2,6,3,2,0,0
17/18,31/03/18,Fiorentina,Crotone,2,0,H,1,0,H,15,6,6,2,21,10,6,3,4,5,0,1
17/18,31/03/18,Genoa,Spal,1,1,D,1,0,H,15,7,2,4,26,13,7,2,4,2,0,1
17/18,31/03/18,Inter,Verona,3,0,H,2,0,H,23,8,4,1,7,11,5,3,1,3,0,1
17/18,31/03/18,Juventus,Milan,3,1,H,1,1,D,7,10,4,5,9,17,2,3,1,3,0,0
17/18,31/03/18,Lazio,Benevento,6,2,H,1,1,D,27,6,14,3,14,11,8,2,0,4,0,1
17/18,31/03/18,Sassuolo,Napoli,1,1,D,1,0,H,10,12,4,4,16,10,4,5,5,2,0,0
17/18,03/04/18,Atalanta,Sampdoria,1,2,A,0,1,A,16,10,1,3,13,11,10,7,2,3,0,0
17/18,03/04/18,Genoa,Cagliari,2,1,H,0,0,D,8,9,2,4,22,17,4,3,2,4,0,0
17/18,03/04/18,Udinese,Fiorentina,0,2,A,0,1,A,13,15,4,4,11,15,5,6,2,4,0,0
17/18,04/04/18,Benevento,Verona,3,0,H,1,0,H,22,3,15,0,13,25,9,2,2,2,0,0
17/18,04/04/18,Chievo,Sassuolo,1,1,D,0,0,D,6,12,2,4,22,7,2,1,4,2,0,2
17/18,04/04/18,Milan,Inter,0,0,D,0,0,D,13,14,3,2,10,13,7,4,1,4,0,0
17/18,04/04/18,Torino,Crotone,4,1,H,3,0,H,9,12,5,2,14,13,3,3,1,1,0,0
17/18,07/04/18,Benevento,Juventus,2,4,A,1,2,A,16,15,6,5,10,10,9,2,0,1,0,0
17/18,07/04/18,Roma,Fiorentina,0,2,A,0,2,A,25,4,9,3,8,9,9,1,4,2,0,0
17/18,07/04/18,Sampdoria,Genoa,0,0,D,0,0,D,18,7,4,2,10,13,5,1,1,2,0,0
17/18,07/04/18,Spal,Atalanta,1,1,D,1,0,H,8,19,4,6,10,24,3,3,3,2,0,0
17/18,08/04/18,Crotone,Bologna,1,0,H,1,0,H,6,11,5,1,16,20,1,5,2,4,0,0
17/18,08/04/18,Milan,Sassuolo,1,1,D,0,0,D,22,8,8,3,15,10,12,3,3,2,0,0
17/18,08/04/18,Napoli,Chievo,2,1,H,0,0,D,31,4,12,2,7,12,14,0,2,3,0,0
17/18,08/04/18,Torino,Inter,1,0,H,1,0,H,10,15,3,8,5,16,1,16,2,3,0,0
17/18,08/04/18,Udinese,Lazio,1,2,A,1,2,A,10,14,3,4,9,7,5,5,0,2,0,0
17/18,08/04/18,Verona,Cagliari,1,0,H,1,0,H,11,10,4,3,18,13,2,9,4,1,0,0
17/18,14/04/18,Atalanta,Inter,0,0,D,0,0,D,16,10,4,2,14,5,8,4,4,2,0,0
17/18,14/04/18,Cagliari,Udinese,2,1,H,1,1,D,12,7,3,1,11,12,7,3,2,3,0,0
17/18,14/04/18,Chievo,Torino,0,0,D,0,0,D,6,12,0,3,15,11,4,4,2,0,1,0
17/18,14/04/18,Genoa,Crotone,1,0,H,1,0,H,17,10,5,1,21,15,5,4,2,3,0,0
17/18,15/04/18,Bologna,Verona,2,0,H,1,0,H,14,8,6,1,17,15,3,4,3,2,0,0
17/18,15/04/18,Fiorentina,Spal,0,0,D,0,0,D,24,4,6,1,14,8,8,4,2,2,0,0
17/18,15/04/18,Juventus,Sampdoria,3,0,H,1,0,H,16,8,5,3,8,6,6,8,2,0,0,0
17/18,15/04/18,Lazio,Roma,0,0,D,0,0,D,7,10,1,1,14,13,7,2,4,2,1,0
17/18,15/04/18,Milan,Napoli,0,0,D,0,0,D,13,15,2,4,10,6,11,8,2,2,0,0
17/18,15/04/18,Sassuolo,Benevento,2,2,D,1,1,D,15,10,3,2,12,23,7,1,3,2,0,0
17/18,17/04/18,Inter,Cagliari,4,0,H,1,0,H,20,0,9,0,7,10,10,2,1,1,0,0
17/18,18/04/18,Benevento,Atalanta,0,3,A,0,1,A,12,12,4,8,13,21,6,1,2,2,0,0
17/18,18/04/18,Crotone,Juventus,1,1,D,0,1,A,9,13,3,4,9,12,2,7,1,2,0,0
17/18,18/04/18,Fiorentina,Lazio,3,4,A,2,2,D,13,17,6,8,17,14,0,8,3,2,1,1
17/18,18/04/18,Napoli,Udinese,4,2,H,1,1,D,18,19,9,5,7,12,8,7,1,2,0,0
17/18,18/04/18,Roma,Genoa,2,1,H,1,0,H,15,5,6,1,10,10,7,3,0,1,0,0
17/18,18/04/18,Sampdoria,Bologna,1,0,H,0,0,D,16,11,2,2,11,12,6,6,1,3,0,0
17/18,18/04/18,Spal,Chievo,0,0,D,0,0,D,9,6,1,0,12,24,6,2,1,2,0,0
17/18,18/04/18,Torino,Milan,1,1,D,0,1,A,12,9,5,5,21,13,6,6,4,3,1,0
17/18,18/04/18,Verona,Sassuolo,0,1,A,0,1,A,9,15,2,5,19,14,6,5,3,4,0,0
17/18,21/04/18,Milan,Benevento,0,1,A,0,1,A,21,5,6,1,13,7,4,1,2,4,0,1
17/18,21/04/18,Sassuolo,Fiorentina,1,0,H,1,0,H,10,6,6,1,22,20,4,2,6,4,0,1
17/18,21/04/18,Spal,Roma,0,3,A,0,1,A,6,14,3,7,10,11,2,3,4,1,0,0
17/18,22/04/18,Atalanta,Torino,2,1,H,0,0,D,22,10,8,1,19,18,11,4,2,2,0,0
17/18,22/04/18,Cagliari,Bologna,0,0,D,0,0,D,13,5,2,2,15,13,7,1,3,5,0,0
17/18,22/04/18,Chievo,Inter,1,2,A,0,0,D,13,11,6,5,11,9,4,10,1,1,0,0
17/18,22/04/18,Juventus,Napoli,0,1,A,0,0,D,4,12,0,4,10,17,3,3,3,1,0,0
17/18,22/04/18,Lazio,Sampdoria,4,0,H,2,0,H,15,6,9,2,11,8,8,4,1,2,0,0
17/18,22/04/18,Udinese,Crotone,1,2,A,1,1,D,15,11,6,2,21,7,6,5,2,0,0,0
17/18,23/04/18,Genoa,Verona,3,1,H,1,0,H,18,13,8,3,13,10,8,2,2,3,0,0
17/18,28/04/18,Inter,Juventus,2,3,A,0,1,A,10,13,5,4,7,15,2,8,2,5,1,0
17/18,28/04/18,Roma,Chievo,4,1,H,2,0,H,15,12,7,6,12,10,3,7,2,2,1,0
17/18,29/04/18,Atalanta,Genoa,3,1,H,2,0,H,13,12,6,3,13,6,1,7,3,1,0,0
17/18,29/04/18,Benevento,Udinese,3,3,D,1,1,D,12,15,6,6,11,19,4,4,4,3,1,0
17/18,29/04/18,Bologna,Milan,1,2,A,0,2,A,12,9,7,4,14,12,7,1,1,1,0,0
17/18,29/04/18,Crotone,Sassuolo,4,1,H,3,1,H,11,14,7,6,15,8,4,6,3,1,0,0
17/18,29/04/18,Fiorentina,Napoli,3,0,H,1,0,H,28,4,10,1,17,10,2,3,3,5,0,1
17/18,29/04/18,Sampdoria,Cagliari,4,1,H,3,0,H,15,6,6,2,8,15,6,2,1,7,0,1
17/18,29/04/18,Torino,Lazio,0,1,A,0,0,D,8,16,2,6,13,14,3,6,2,3,0,0
17/18,29/04/18,Verona,Spal,1,3,A,1,1,D,11,17,5,6,16,14,1,8,2,3,0,0
17/18,05/05/18,Juventus,Bologna,3,1,H,0,1,A,15,6,6,3,12,13,5,2,2,3,0,0
17/18,05/05/18,Milan,Verona,4,1,H,2,0,H,17,8,10,2,9,10,5,4,1,0,0,0
17/18,06/05/18,Cagliari,Roma,0,1,A,0,1,A,12,9,3,1,20,9,9,3,4,1,0,0
17/18,06/05/18,Chievo,Crotone,2,1,H,1,0,H,11,13,3,3,15,14,8,4,5,1,0,0
17/18,06/05/18,Genoa,Fiorentina,2,3,A,0,1,A,7,19,3,10,8,16,3,7,2,6,2,0
17/18,06/05/18,Lazio,Atalanta,1,1,D,1,1,D,13,20,2,6,7,8,6,9,3,2,0,0
17/18,06/05/18,Napoli,Torino,2,2,D,1,0,H,19,5,5,2,10,20,4,2,1,4,0,0
17/18,06/05/18,Sassuolo,Sampdoria,1,0,H,0,0,D,18,2,7,0,7,21,9,6,1,1,0,0
17/18,06/05/18,Spal,Benevento,2,0,H,1,0,H,6,12,4,3,16,22,1,4,2,2,0,0
17/18,06/05/18,Udinese,Inter,0,4,A,0,3,A,9,26,2,12,13,7,5,9,1,0,1,0
17/18,12/05/18,Benevento,Genoa,1,0,H,0,0,D,14,13,3,5,17,7,6,3,1,1,0,0
17/18,12/05/18,Inter,Sassuolo,1,2,A,0,1,A,16,13,8,5,9,5,16,2,1,2,0,0
17/18,13/05/18,Atalanta,Milan,1,1,D,0,0,D,24,5,5,2,21,10,3,8,6,6,1,1
17/18,13/05/18,Bologna,Chievo,1,2,A,1,0,H,7,13,3,7,13,14,2,7,1,4,0,0
17/18,13/05/18,Crotone,Lazio,2,2,D,1,1,D,6,18,3,7,12,15,2,9,1,3,0,0
17/18,13/05/18,Fiorentina,Cagliari,0,1,A,0,1,A,14,14,0,2,15,17,11,5,3,4,1,0
17/18,13/05/18,Roma,Juventus,0,0,D,0,0,D,9,7,2,0,10,13,4,3,2,2,1,0
17/18,13/05/18,Sampdoria,Napoli,0,2,A,0,0,D,11,17,2,9,13,6,3,12,2,2,0,0
17/18,13/05/18,Torino,Spal,2,1,H,0,1,A,18,10,10,4,16,14,4,6,2,5,0,0
17/18,13/05/18,Verona,Udinese,0,1,A,0,1,A,11,13,1,5,15,17,3,5,2,2,0,0
17/18,19/05/18,Juventus,Verona,2,1,H,0,0,D,26,9,13,3,13,11,11,5,0,2,0,0
17/18,20/05/18,Cagliari,Atalanta,1,0,H,0,0,D,6,12,4,4,17,14,5,11,3,1,0,0
17/18,20/05/18,Chievo,Benevento,1,0,H,0,0,D,8,12,5,1,13,9,2,4,1,0,0,0
17/18,20/05/18,Genoa,Torino,1,2,A,0,1,A,12,4,2,2,10,11,7,3,1,3,0,0
17/18,20/05/18,Lazio,Inter,2,3,A,2,1,H,14,15,4,6,12,13,10,4,5,4,2,0
17/18,20/05/18,Milan,Fiorentina,5,1,H,2,1,H,18,9,11,3,10,5,6,1,2,1,0,1
17/18,20/05/18,Napoli,Crotone,2,1,H,2,0,H,19,9,9,4,3,9,6,9,0,0,0,0
17/18,20/05/18,Sassuolo,Roma,0,1,A,0,1,A,16,15,3,6,14,8,5,9,1,1,0,0
17/18,20/05/18,Spal,Sampdoria,3,1,H,1,0,H,16,9,6,3,10,11,5,3,1,4,0,0
17/18,20/05/18,Udinese,Bologna,1,0,H,1,0,H,20,8,5,5,9,11,10,2,0,2,0,0
18/19,18/08/18,Chievo,Juventus,2,3,A,1,1,D,7,23,2,11,7,9,0,8,2,0,0,0
18/19,18/08/18,Lazio,Napoli,1,2,A,1,1,D,9,11,5,6,8,5,4,7,0,0,0,0
18/19,19/08/18,Bologna,Spal,0,1,A,0,0,D,8,10,3,5,16,11,7,0,4,2,1,0
18/19,19/08/18,Empoli,Cagliari,2,0,H,1,0,H,9,12,4,5,19,19,6,6,3,3,0,0
18/19,19/08/18,Parma,Udinese,2,2,D,1,0,H,9,16,6,6,10,13,4,5,2,2,0,0
18/19,19/08/18,Sassuolo,Inter,1,0,H,1,0,H,7,11,5,4,23,11,4,4,3,2,0,0
18/19,19/08/18,Torino,Roma,0,1,A,0,0,D,8,16,5,13,10,14,6,5,1,3,0,0
18/19,20/08/18,Atalanta,Frosinone,4,0,H,1,0,H,16,6,10,1,14,10,4,4,0,2,0,0
18/19,25/08/18,Juventus,Lazio,2,0,H,1,0,H,14,8,9,3,12,13,6,2,3,2,0,0
18/19,25/08/18,Napoli,Milan,3,2,H,0,1,A,21,6,13,4,12,9,5,1,2,2,0,0
18/19,26/08/18,Cagliari,Sassuolo,2,2,D,1,0,H,12,12,7,6,14,14,7,2,4,4,0,1
18/19,26/08/18,Fiorentina,Chievo,6,1,H,2,0,H,19,5,15,3,14,8,2,3,1,3,0,0
18/19,26/08/18,Frosinone,Bologna,0,0,D,0,0,D,11,10,7,5,15,12,2,5,2,1,0,0
18/19,26/08/18,Genoa,Empoli,2,1,H,2,0,H,10,12,4,8,14,15,3,6,3,2,0,0
18/19,26/08/18,Inter,Torino,2,2,D,2,0,H,9,10,6,7,16,12,5,4,1,2,0,0
18/19,26/08/18,Spal,Parma,1,0,H,0,0,D,15,3,5,0,13,14,7,2,5,2,0,0
18/19,26/08/18,Udinese,Sampdoria,1,0,H,1,0,H,13,9,5,4,6,10,8,7,1,3,0,0
18/19,27/08/18,Roma,Atalanta,3,3,D,1,3,A,21,17,11,10,9,13,3,11,1,1,0,0
18/19,31/08/18,Milan,Roma,2,1,H,1,0,H,18,6,9,3,8,6,8,3,0,2,0,0
18/19,01/09/18,Bologna,Inter,0,3,A,0,0,D,7,10,1,4,7,10,3,7,1,1,0,0
18/19,01/09/18,Parma,Juventus,1,2,A,1,1,D,8,20,7,10,15,9,4,7,1,3,0,0
18/19,02/09/18,Atalanta,Cagliari,0,1,A,0,1,A,8,4,5,3,16,20,5,4,2,2,0,0
18/19,02/09/18,Chievo,Empoli,0,0,D,0,0,D,11,12,5,4,10,11,4,6,1,1,0,0
18/19,02/09/18,Fiorentina,Udinese,1,0,H,0,0,D,13,4,4,1,10,15,11,4,3,1,0,0
18/19,02/09/18,Lazio,Frosinone,1,0,H,0,0,D,17,7,8,5,11,8,7,7,1,2,0,0
18/19,02/09/18,Sampdoria,Napoli,3,0,H,2,0,H,7,12,4,6,13,19,4,5,2,4,0,0
18/19,02/09/18,Sassuolo,Genoa,5,3,H,4,1,H,10,11,8,8,12,20,2,10,3,3,0,0
18/19,02/09/18,Torino,Spal,1,0,H,0,0,D,10,8,7,3,16,16,9,10,1,2,0,0
18/19,15/09/18,Frosinone,Sampdoria,0,5,A,0,1,A,6,10,2,7,12,15,5,3,3,1,0,0
18/19,15/09/18,Inter,Parma,0,1,A,0,0,D,24,8,11,6,10,8,10,1,2,2,0,0
18/19,15/09/18,Napoli,Fiorentina,1,0,H,0,0,D,19,7,5,3,13,15,10,3,1,4,0,0
18/19,16/09/18,Cagliari,Milan,1,1,D,1,0,H,7,12,3,7,12,13,3,8,1,1,0,0
18/19,16/09/18,Empoli,Lazio,0,1,A,0,0,D,10,16,3,9,13,11,4,7,2,3,0,0
18/19,16/09/18,Genoa,Bologna,1,0,H,0,0,D,10,8,5,2,13,19,5,3,2,5,0,1
18/19,16/09/18,Juventus,Sassuolo,2,1,H,0,0,D,16,10,6,6,12,13,10,4,3,3,1,0
18/19,16/09/18,Roma,Chievo,2,2,D,2,0,H,15,10,9,5,10,15,9,2,1,1,0,0
18/19,16/09/18,Udinese,Torino,1,1,D,1,0,H,7,9,3,4,16,14,3,8,2,2,0,0
18/19,17/09/18,Spal,Atalanta,2,0,H,0,0,D,13,13,6,4,14,16,4,4,3,5,0,0
18/19,19/09/18,Sampdoria,Fiorentina,1,1,D,0,1,A,8,14,4,9,14,15,4,6,3,2,0,0
18/19,21/09/18,Sassuolo,Empoli,3,1,H,1,1,D,20,16,10,11,15,9,5,4,1,4,0,1
18/19,22/09/18,Fiorentina,Spal,3,0,H,2,0,H,15,5,5,2,8,11,11,1,1,2,0,0
18/19,22/09/18,Parma,Cagliari,2,0,H,1,0,H,14,9,8,3,17,5,4,11,2,1,0,0
18/19,22/09/18,Sampdoria,Inter,0,1,A,0,0,D,9,14,4,5,12,14,3,12,3,2,0,0
18/19,23/09/18,Bologna,Roma,2,0,H,1,0,H,7,20,2,9,8,13,1,10,2,4,0,0
18/19,23/09/18,Chievo,Udinese,0,2,A,0,0,D,10,9,4,7,18,10,7,3,1,1,0,0
18/19,23/09/18,Frosinone,Juventus,0,2,A,0,0,D,2,18,0,8,16,8,3,5,3,1,0,0
18/19,23/09/18,Lazio,Genoa,4,1,H,2,0,H,16,8,8,4,9,7,5,3,1,2,0,0
18/19,23/09/18,Milan,Atalanta,2,2,D,1,0,H,14,13,8,8,7,4,4,3,2,1,0,0
18/19,23/09/18,Torino,Napoli,1,3,A,0,2,A,9,13,3,8,14,17,4,6,2,3,0,0
18/19,25/09/18,Inter,Fiorentina,2,1,H,1,0,H,11,11,3,8,18,20,6,3,1,3,0,0
18/19,26/09/18,Atalanta,Torino,0,0,D,0,0,D,11,3,4,0,13,15,11,1,2,1,0,0
18/19,26/09/18,Cagliari,Sampdoria,0,0,D,0,0,D,10,10,2,5,16,22,7,3,1,3,0,0
18/19,26/09/18,Genoa,Chievo,2,0,H,1,0,H,11,8,5,2,11,17,7,4,4,4,0,0
18/19,26/09/18,Juventus,Bologna,2,0,H,2,0,H,15,5,9,2,10,13,3,0,2,3,0,0
18/19,26/09/18,Napoli,Parma,3,0,H,1,0,H,20,2,8,0,9,13,2,2,0,3,0,0
18/19,26/09/18,Roma,Frosinone,4,0,H,3,0,H,18,8,13,3,13,8,4,3,0,1,0,0
18/19,26/09/18,Udinese,Lazio,1,2,A,0,0,D,10,5,6,2,7,17,6,4,2,6,0,0
18/19,27/09/18,Empoli,Milan,1,1,D,0,1,A,4,16,3,11,12,9,3,10,2,2,0,0
18/19,27/09/18,Spal,Sassuolo,0,2,A,0,0,D,6,10,2,5,16,12,6,7,1,0,0,0
18/19,29/09/18,Inter,Cagliari,2,0,H,1,0,H,12,4,8,1,13,11,9,4,1,4,0,0
18/19,29/09/18,Juventus,Napoli,3,1,H,1,1,D,14,9,9,6,14,11,7,4,3,5,0,1
18/19,29/09/18,Roma,Lazio,3,1,H,1,0,H,10,11,7,5,11,10,8,9,3,1,0,0
18/19,30/09/18,Bologna,Udinese,2,1,H,1,1,D,11,10,6,2,7,12,3,4,2,4,0,0
18/19,30/09/18,Chievo,Torino,0,1,A,0,0,D,8,13,3,5,15,17,3,8,3,3,0,0
18/19,30/09/18,Fiorentina,Atalanta,2,0,H,0,0,D,6,11,4,4,12,10,5,6,3,3,0,0
18/19,30/09/18,Frosinone,Genoa,1,2,A,1,2,A,13,7,6,5,21,18,5,2,3,2,0,0
18/19,30/09/18,Parma,Empoli,1,0,H,1,0,H,7,10,3,6,13,8,2,12,2,3,0,0
18/19,30/09/18,Sassuolo,Milan,1,4,A,0,1,A,8,10,2,10,14,11,9,5,1,1,0,0
18/19,01/10/18,Sampdoria,Spal,2,1,H,1,1,D,16,10,9,4,13,18,6,5,3,3,0,0
18/19,05/10/18,Torino,Frosinone,3,2,H,1,0,H,15,8,10,4,16,17,2,4,3,3,0,0
18/19,06/10/18,Cagliari,Bologna,2,0,H,1,0,H,8,10,5,4,8,16,4,4,2,4,0,0
18/19,06/10/18,Empoli,Roma,0,2,A,0,1,A,11,7,4,4,13,10,4,3,2,1,0,0
18/19,06/10/18,Udinese,Juventus,0,2,A,0,2,A,5,13,4,7,14,13,4,8,3,1,0,0
18/19,07/10/18,Atalanta,Sampdoria,0,1,A,0,0,D,15,6,6,3,17,13,9,4,2,4,0,0
18/19,07/10/18,Genoa,Parma,1,3,A,1,3,A,20,7,13,5,9,9,9,7,1,1,0,0
18/19,07/10/18,Lazio,Fiorentina,1,0,H,1,0,H,11,10,5,6,18,10,5,6,5,3,0,0
18/19,07/10/18,Milan,Chievo,3,1,H,2,0,H,14,4,7,2,9,12,12,7,1,1,0,0
18/19,07/10/18,Napoli,Sassuolo,2,0,H,1,0,H,12,10,7,7,11,8,4,4,2,2,0,1
18/19,07/10/18,Spal,Inter,1,2,A,0,1,A,9,6,6,4,13,20,10,9,6,2,0,0
18/19,20/10/18,Juventus,Genoa,1,1,D,1,0,H,13,5,4,2,10,15,8,2,1,3,0,0
18/19,20/10/18,Roma,Spal,0,2,A,0,1,A,13,5,9,5,14,5,8,9,3,5,0,1
18/19,20/10/18,Udinese,Napoli,0,3,A,0,1,A,7,9,4,4,11,9,3,5,3,4,0,0
18/19,21/10/18,Bologna,Torino,2,2,D,0,1,A,6,12,3,8,9,21,3,4,2,2,0,0
18/19,21/10/18,Chievo,Atalanta,1,5,A,0,2,A,3,15,2,8,12,15,1,2,3,1,1,0
18/19,21/10/18,Fiorentina,Cagliari,1,1,D,0,0,D,7,8,3,5,13,19,6,7,0,2,0,0
18/19,21/10/18,Frosinone,Empoli,3,3,D,1,1,D,5,15,4,10,13,16,6,8,2,3,0,0
18/19,21/10/18,Inter,Milan,1,0,H,0,0,D,14,9,7,2,13,7,9,4,2,5,0,0
18/19,21/10/18,Parma,Lazio,0,2,A,0,0,D,3,15,1,9,5,11,2,8,2,3,0,0
18/19,22/10/18,Sampdoria,Sassuolo,0,0,D,0,0,D,7,7,2,2,10,18,4,3,2,3,0,0
18/19,27/10/18,Atalanta,Parma,3,0,H,0,0,D,21,9,14,5,6,8,6,6,0,2,0,0
18/19,27/10/18,Empoli,Juventus,1,2,A,1,0,H,6,12,4,7,13,17,6,10,2,3,0,0
18/19,27/10/18,Torino,Fiorentina,1,1,D,1,1,D,12,8,4,5,13,20,4,5,2,4,0,0
18/19,28/10/18,Cagliari,Chievo,2,1,H,1,0,H,12,12,4,5,16,15,8,2,1,6,0,0
18/19,28/10/18,Genoa,Udinese,2,2,D,1,0,H,11,11,5,8,17,18,4,8,5,4,1,0
18/19,28/10/18,Milan,Sampdoria,3,2,H,2,2,D,8,3,7,2,11,9,5,1,3,2,0,0
18/19,28/10/18,Napoli,Roma,1,1,D,0,1,A,18,7,6,5,7,6,17,3,0,5,0,0
18/19,28/10/18,Sassuolo,Bologna,2,2,D,1,1,D,11,10,6,6,20,19,9,5,2,3,0,0
18/19,28/10/18,Spal,Frosinone,0,3,A,0,1,A,10,5,5,4,15,11,9,1,3,6,0,0
18/19,29/10/18,Lazio,Inter,0,3,A,0,2,A,11,13,4,7,14,10,7,6,3,3,0,0
18/19,31/10/18,Milan,Genoa,2,1,H,1,0,H,19,7,10,2,11,17,7,2,2,2,0,0
18/19,02/11/18,Napoli,Empoli,5,1,H,2,0,H,19,8,13,4,8,7,0,7,0,2,0,0
18/19,03/11/18,Fiorentina,Roma,1,1,D,1,0,H,11,11,3,6,9,20,3,6,3,3,0,0
18/19,03/11/18,Inter,Genoa,5,0,H,2,0,H,17,8,10,3,7,15,11,6,2,3,0,0
18/19,03/11/18,Juventus,Cagliari,3,1,H,2,1,H,11,4,5,3,10,15,5,4,1,3,0,0
18/19,04/11/18,Bologna,Atalanta,1,2,A,1,0,H,9,12,5,6,7,12,1,4,1,2,0,0
18/19,04/11/18,Chievo,Sassuolo,0,2,A,0,1,A,1,8,1,4,20,16,3,2,5,2,1,0
18/19,04/11/18,Lazio,Spal,4,1,H,2,1,H,18,5,11,3,7,8,8,4,1,3,0,0
18/19,04/11/18,Parma,Frosinone,0,0,D,0,0,D,9,9,1,1,14,15,3,7,1,4,1,0
18/19,04/11/18,Sampdoria,Torino,1,4,A,0,2,A,10,15,4,8,13,25,0,2,2,2,0,0
18/19,04/11/18,Udinese,Milan,0,1,A,0,0,D,11,15,4,9,11,13,4,7,3,3,1,0
18/19,09/11/18,Frosinone,Fiorentina,1,1,D,0,0,D,5,16,3,10,8,12,4,5,3,0,0,0
18/19,10/11/18,Genoa,Napoli,1,2,A,1,0,H,8,13,3,7,15,6,2,7,4,2,0,0
18/19,10/11/18,Spal,Cagliari,2,2,D,1,0,H,8,11,4,3,13,15,1,6,2,4,0,0
18/19,10/11/18,Torino,Parma,1,2,A,1,2,A,12,11,4,7,14,17,7,7,2,4,0,0
18/19,11/11/18,Atalanta,Inter,4,1,H,1,0,H,16,6,10,2,11,13,9,6,3,5,0,1
18/19,11/11/18,Chievo,Bologna,2,2,D,2,1,H,12,12,6,6,15,18,5,6,3,3,0,0
18/19,11/11/18,Empoli,Udinese,2,1,H,1,0,H,9,22,5,9,6,11,4,13,2,2,0,0
18/19,11/11/18,Milan,Juventus,0,2,A,0,1,A,5,12,2,8,16,9,2,5,3,1,1,0
18/19,11/11/18,Roma,Sampdoria,4,1,H,1,0,H,10,4,6,3,8,10,7,7,1,1,0,0
18/19,11/11/18,Sassuolo,Lazio,1,1,D,1,1,D,9,7,4,3,15,21,2,6,4,3,0,0
18/19,24/11/18,Inter,Frosinone,3,0,H,1,0,H,25,5,14,4,11,11,11,0,1,3,0,0
18/19,24/11/18,Juventus,Spal,2,0,H,1,0,H,12,8,8,1,20,11,6,3,1,3,0,0
18/19,24/11/18,Udinese,Roma,1,0,H,0,0,D,8,23,3,9,6,10,0,12,2,0,0,0
18/19,25/11/18,Bologna,Fiorentina,0,0,D,0,0,D,8,11,4,6,11,21,4,9,3,1,0,0
18/19,25/11/18,Empoli,Atalanta,3,2,H,1,2,A,12,8,8,5,12,9,7,3,2,2,0,1
18/19,25/11/18,Genoa,Sampdoria,1,1,D,1,1,D,10,6,5,2,17,15,7,6,2,1,0,0
18/19,25/11/18,Lazio,Milan,1,1,D,0,0,D,16,9,6,4,10,4,9,4,1,1,0,0
18/19,25/11/18,Napoli,Chievo,0,0,D,0,0,D,17,7,10,3,11,13,20,2,2,2,0,0
18/19,25/11/18,Parma,Sassuolo,2,1,H,2,1,H,10,12,4,5,14,14,2,3,3,4,0,0
18/19,26/11/18,Cagliari,Torino,0,0,D,0,0,D,3,8,1,5,12,13,3,4,2,0,0,0
18/19,01/12/18,Fiorentina,Juventus,0,3,A,0,1,A,12,9,7,6,14,8,4,9,6,3,0,0
18/19,01/12/18,Sampdoria,Bologna,4,1,H,3,1,H,8,8,6,4,14,10,1,4,3,3,0,0
18/19,01/12/18,Spal,Empoli,2,2,D,1,2,A,9,13,5,8,14,14,4,9,3,3,1,0
18/19,02/12/18,Chievo,Lazio,1,1,D,1,0,H,5,19,2,7,11,11,4,6,4,2,0,0
18/19,02/12/18,Frosinone,Cagliari,1,1,D,1,0,H,25,18,11,7,13,15,5,1,1,7,0,1
18/19,02/12/18,Milan,Parma,2,1,H,0,0,D,19,7,6,1,9,15,8,8,2,2,0,0
18/19,02/12/18,Roma,Inter,2,2,D,0,1,A,15,16,6,7,11,13,4,7,1,1,0,0
18/19,02/12/18,Sassuolo,Udinese,0,0,D,0,0,D,17,3,3,1,13,16,13,2,3,2,0,0
18/19,02/12/18,Torino,Genoa,2,1,H,2,1,H,23,8,10,2,14,20,5,5,3,4,0,1
18/19,03/12/18,Atalanta,Napoli,1,2,A,0,1,A,9,9,3,5,8,7,12,6,1,2,0,0
18/19,07/12/18,Juventus,Inter,1,0,H,0,0,D,14,8,6,4,13,16,10,8,2,2,0,0
18/19,08/12/18,Cagliari,Roma,2,2,D,0,2,A,10,14,5,7,17,12,7,5,3,1,2,0
18/19,08/12/18,Lazio,Sampdoria,2,2,D,0,1,A,20,4,11,3,13,11,10,6,3,6,0,1
18/19,08/12/18,Napoli,Frosinone,4,0,H,2,0,H,18,6,10,2,6,10,9,3,1,2,0,0
18/19,09/12/18,Empoli,Bologna,2,1,H,1,1,D,9,14,5,8,6,8,4,8,2,2,0,0
18/19,09/12/18,Genoa,Spal,1,1,D,1,1,D,6,16,3,7,9,10,1,6,1,5,1,0
18/19,09/12/18,Milan,Torino,0,0,D,0,0,D,11,10,4,4,10,16,11,3,2,3,0,0
18/19,09/12/18,Parma,Chievo,1,1,D,0,0,D,12,7,7,1,17,18,8,2,4,4,0,1
18/19,09/12/18,Sassuolo,Fiorentina,3,3,D,0,0,D,11,11,7,6,12,12,6,10,4,5,1,1
18/19,09/12/18,Udinese,Atalanta,1,3,A,1,1,D,5,12,2,4,17,6,2,7,1,1,0,0
18/19,15/12/18,Inter,Udinese,1,0,H,0,0,D,15,7,4,1,11,8,10,0,3,1,0,0
18/19,15/12/18,Torino,Juventus,0,1,A,0,0,D,5,7,3,4,17,13,7,5,2,4,0,0
18/19,16/12/18,Cagliari,Napoli,0,1,A,0,0,D,6,13,2,5,15,9,2,10,2,2,0,0
18/19,16/12/18,Fiorentina,Empoli,3,1,H,1,1,D,15,8,9,4,20,18,2,3,2,1,0,0
18/19,16/12/18,Frosinone,Sassuolo,0,2,A,0,1,A,9,13,3,3,18,10,6,5,3,2,0,0
18/19,16/12/18,Roma,Genoa,3,2,H,2,2,D,14,11,7,8,10,15,6,4,2,2,0,0
18/19,16/12/18,Sampdoria,Parma,2,0,H,0,0,D,12,2,10,0,10,7,8,4,2,1,0,0
18/19,16/12/18,Spal,Chievo,0,0,D,0,0,D,10,8,3,6,14,18,6,4,2,4,0,0
18/19,17/12/18,Atalanta,Lazio,1,0,H,1,0,H,4,11,2,3,10,17,7,7,2,4,0,0
18/19,18/12/18,Bologna,Milan,0,0,D,0,0,D,7,11,6,4,12,12,2,1,2,5,0,1
18/19,22/12/18,Chievo,Inter,1,1,D,0,1,A,6,9,3,3,10,10,5,7,3,2,0,0
18/19,22/12/18,Empoli,Sampdoria,2,4,A,1,1,D,6,15,3,12,14,9,8,5,3,4,0,0
18/19,22/12/18,Genoa,Atalanta,3,1,H,1,0,H,15,10,7,6,13,13,9,6,3,2,0,2
18/19,22/12/18,Juventus,Roma,1,0,H,1,0,H,15,4,7,4,9,12,13,2,0,3,0,0
18/19,22/12/18,Lazio,Cagliari,3,1,H,2,0,H,15,9,10,5,16,9,7,5,2,1,0,0
18/19,22/12/18,Milan,Fiorentina,0,1,A,0,0,D,11,7,7,1,10,18,9,7,3,4,0,0
18/19,22/12/18,Napoli,Spal,1,0,H,1,0,H,15,10,8,6,13,8,3,5,2,2,0,0
18/19,22/12/18,Parma,Bologna,0,0,D,0,0,D,7,5,1,2,8,9,4,2,3,3,0,0
18/19,22/12/18,Sassuolo,Torino,1,1,D,0,0,D,11,4,6,3,12,15,12,2,2,3,0,0
18/19,22/12/18,Udinese,Frosinone,1,1,D,1,0,H,9,10,1,6,11,16,2,5,2,4,0,0
18/19,26/12/18,Atalanta,Juventus,2,2,D,1,1,D,10,10,6,3,17,16,5,5,4,4,0,1
18/19,26/12/18,Bologna,Lazio,0,2,A,0,1,A,6,11,3,7,15,18,1,7,2,0,0,0
18/19,26/12/18,Cagliari,Genoa,1,0,H,1,0,H,12,10,7,4,8,9,4,4,3,3,0,0
18/19,26/12/18,Fiorentina,Parma,0,1,A,0,1,A,16,3,7,2,15,15,9,2,4,4,1,0
18/19,26/12/18,Frosinone,Milan,0,0,D,0,0,D,11,16,5,8,10,12,3,6,2,1,0,0
18/19,26/12/18,Inter,Napoli,1,0,H,0,0,D,9,9,5,4,12,8,5,0,3,4,0,2
18/19,26/12/18,Roma,Sassuolo,3,1,H,2,0,H,16,8,10,3,15,16,8,5,1,1,0,0
18/19,26/12/18,Sampdoria,Chievo,2,0,H,0,0,D,10,7,6,1,22,19,4,1,2,1,0,0
18/19,26/12/18,Spal,Udinese,0,0,D,0,0,D,7,3,4,1,10,14,7,2,1,2,0,0
18/19,26/12/18,Torino,Empoli,3,0,H,1,0,H,13,5,10,1,9,9,5,1,1,3,0,1
18/19,29/12/18,Chievo,Frosinone,1,0,H,0,0,D,9,12,3,4,16,20,4,2,4,6,0,1
18/19,29/12/18,Empoli,Inter,0,1,A,0,0,D,7,7,3,6,14,4,4,6,1,1,0,0
18/19,29/12/18,Genoa,Fiorentina,0,0,D,0,0,D,7,8,3,6,21,8,7,3,2,1,0,0
18/19,29/12/18,Juventus,Sampdoria,2,1,H,1,1,D,15,7,8,3,13,16,6,3,2,2,0,0
18/19,29/12/18,Lazio,Torino,1,1,D,0,1,A,10,7,5,6,20,22,7,3,4,4,1,1
18/19,29/12/18,Milan,Spal,2,1,H,1,1,D,11,9,6,4,15,10,11,2,4,2,1,0
18/19,29/12/18,Napoli,Bologna,3,2,H,1,1,D,14,10,9,4,14,10,6,5,2,2,0,0
18/19,29/12/18,Parma,Roma,0,2,A,0,0,D,3,19,2,8,7,11,2,7,1,1,0,0
18/19,29/12/18,Sassuolo,Atalanta,2,6,A,0,2,A,13,13,8,9,10,10,1,8,1,2,0,0
18/19,29/12/18,Udinese,Cagliari,2,0,H,1,0,H,19,4,7,1,11,15,6,6,3,2,1,1
18/19,19/01/19,Inter,Sassuolo,0,0,D,0,0,D,8,11,4,6,16,16,11,0,1,3,0,0
18/19,19/01/19,Roma,Torino,3,2,H,2,0,H,11,8,9,3,17,17,6,3,2,3,0,0
18/19,19/01/19,Udinese,Parma,1,2,A,0,1,A,17,7,9,4,17,15,8,2,3,1,0,0
18/19,20/01/19,Cagliari,Empoli,2,2,D,1,0,H,13,9,3,4,11,10,4,7,0,0,0,0
18/19,20/01/19,Fiorentina,Sampdoria,3,3,D,1,1,D,8,9,4,5,15,22,4,7,6,4,1,0
18/19,20/01/19,Frosinone,Atalanta,0,5,A,0,2,A,5,14,3,8,12,11,4,8,2,0,0,0
18/19,20/01/19,Napoli,Lazio,2,1,H,2,0,H,17,13,13,9,6,12,7,8,1,5,0,1
18/19,20/01/19,Spal,Bologna,1,1,D,0,1,A,13,12,9,6,13,18,7,7,2,3,0,0
18/19,21/01/19,Genoa,Milan,0,2,A,0,0,D,13,9,7,7,14,17,5,6,3,3,0,0
18/19,21/01/19,Juventus,Chievo,3,0,H,2,0,H,19,7,11,3,10,7,12,5,1,2,0,0
18/19,26/01/19,Milan,Napoli,0,0,D,0,0,D,12,14,7,8,7,11,6,8,1,3,0,1
18/19,26/01/19,Sampdoria,Udinese,4,0,H,1,0,H,14,6,9,0,14,13,1,1,2,4,0,0
18/19,26/01/19,Sassuolo,Cagliari,3,0,H,2,0,H,11,7,9,3,14,17,4,12,1,1,0,0
18/19,27/01/19,Atalanta,Roma,3,3,D,1,3,A,14,7,6,5,7,13,9,2,0,3,0,0
18/19,27/01/19,Bologna,Frosinone,0,4,A,0,2,A,8,4,2,4,15,13,9,2,3,4,1,0
18/19,27/01/19,Chievo,Fiorentina,3,4,A,1,2,A,14,11,8,7,19,18,7,5,3,1,0,1
18/19,27/01/19,Lazio,Juventus,1,2,A,0,0,D,11,4,5,3,11,13,8,1,2,5,0,0
18/19,27/01/19,Parma,Spal,2,3,A,1,0,H,9,15,5,6,9,13,1,10,2,4,0,0
18/19,27/01/19,Torino,Inter,1,0,H,1,0,H,7,9,4,4,19,12,6,7,3,3,0,1
18/19,28/01/19,Empoli,Genoa,1,3,A,0,1,A,13,12,7,7,8,7,1,3,1,2,0,0
18/19,02/02/19,Empoli,Chievo,2,2,D,1,2,A,11,10,9,4,9,12,10,6,0,2,0,0
18/19,02/02/19,Juventus,Parma,3,3,D,1,0,H,18,11,9,5,6,11,12,4,1,2,0,0
18/19,02/02/19,Napoli,Sampdoria,3,0,H,2,0,H,18,8,14,2,4,12,5,3,0,3,0,0
18/19,03/02/19,Genoa,Sassuolo,1,1,D,1,1,D,4,11,2,8,11,15,4,6,1,3,0,0
18/19,03/02/19,Inter,Bologna,0,1,A,0,1,A,12,8,3,7,13,17,6,7,1,2,0,0
18/19,03/02/19,Roma,Milan,1,1,D,0,1,A,11,6,9,5,15,9,10,2,3,4,0,0
18/19,03/02/19,Spal,Torino,0,0,D,0,0,D,8,5,1,1,24,27,11,6,5,5,0,1
18/19,03/02/19,Udinese,Fiorentina,1,1,D,0,0,D,7,9,2,4,13,14,1,10,3,3,0,0
18/19,04/02/19,Cagliari,Atalanta,0,1,A,0,0,D,8,10,2,6,18,11,2,4,0,2,0,0
18/19,04/02/19,Frosinone,Lazio,0,1,A,0,1,A,9,11,4,5,8,14,2,2,1,5,0,0
18/19,07/02/19,Lazio,Empoli,1,0,H,1,0,H,8,3,4,1,13,8,3,2,1,1,0,0
18/19,08/02/19,Chievo,Roma,0,3,A,0,2,A,11,11,6,9,6,9,7,7,1,2,0,0
18/19,09/02/19,Fiorentina,Napoli,0,0,D,0,0,D,10,12,4,4,9,17,5,5,2,4,0,0
18/19,09/02/19,Parma,Inter,0,1,A,0,0,D,6,13,2,7,17,12,2,10,2,2,0,0
18/19,10/02/19,Atalanta,Spal,2,1,H,0,1,A,8,5,5,3,14,12,9,4,1,3,0,0
18/19,10/02/19,Bologna,Genoa,1,1,D,1,1,D,7,9,4,6,17,13,13,3,2,2,0,0
18/19,10/02/19,Milan,Cagliari,3,0,H,2,0,H,17,7,10,3,12,11,2,5,0,1,0,0
18/19,10/02/19,Sampdoria,Frosinone,0,1,A,0,1,A,11,3,7,1,10,21,9,2,3,3,0,0
18/19,10/02/19,Sassuolo,Juventus,0,3,A,0,1,A,9,10,2,5,17,8,8,4,0,0,0,0
18/19,10/02/19,Torino,Udinese,1,0,H,1,0,H,12,10,7,6,21,21,9,2,2,4,0,1
18/19,15/02/19,Juventus,Frosinone,3,0,H,2,0,H,11,7,8,1,13,19,5,7,2,3,0,0
18/19,16/02/19,Atalanta,Milan,1,3,A,1,1,D,12,6,5,3,10,9,5,2,1,2,0,0
18/19,16/02/19,Cagliari,Parma,2,1,H,0,1,A,12,6,3,3,21,11,1,4,5,1,1,0
18/19,17/02/19,Empoli,Sassuolo,3,0,H,2,0,H,7,5,6,2,11,10,3,3,1,3,0,0
18/19,17/02/19,Genoa,Lazio,2,1,H,0,1,A,14,6,6,6,12,12,7,3,3,2,0,0
18/19,17/02/19,Inter,Sampdoria,2,1,H,0,0,D,14,6,7,2,10,11,9,5,3,1,0,0
18/19,17/02/19,Napoli,Torino,0,0,D,0,0,D,20,6,10,1,18,13,15,4,5,3,0,0
18/19,17/02/19,Spal,Fiorentina,1,4,A,1,1,D,6,15,4,9,14,14,3,10,3,4,0,0
18/19,17/02/19,Udinese,Chievo,1,0,H,0,0,D,11,13,7,9,11,21,6,4,5,4,0,0
18/19,18/02/19,Roma,Bologna,2,1,H,0,0,D,9,14,4,10,15,15,9,7,3,4,0,0
18/19,22/02/19,Milan,Empoli,3,0,H,0,0,D,10,4,7,1,13,9,6,2,1,1,0,0
18/19,23/02/19,Frosinone,Roma,2,3,A,1,2,A,9,7,5,5,18,11,4,8,2,2,0,0
18/19,23/02/19,Torino,Atalanta,2,0,H,1,0,H,11,9,7,4,17,18,4,4,2,1,0,0
18/19,24/02/19,Bologna,Juventus,0,1,A,0,0,D,13,5,4,4,12,17,4,5,2,2,0,0
18/19,24/02/19,Chievo,Genoa,0,0,D,0,0,D,8,6,5,2,20,22,4,6,2,3,0,0
18/19,24/02/19,Fiorentina,Inter,3,3,D,1,2,A,10,7,2,6,13,15,9,6,2,4,0,0
18/19,24/02/19,Parma,Napoli,0,4,A,0,2,A,8,14,2,5,13,7,5,2,2,1,0,0
18/19,24/02/19,Sampdoria,Cagliari,1,0,H,0,0,D,9,8,6,1,9,17,3,5,1,2,0,0
18/19,24/02/19,Sassuolo,Spal,1,1,D,1,0,H,6,5,2,3,18,14,3,5,4,1,1,0
18/19,01/03/19,Cagliari,Inter,2,1,H,2,1,H,12,19,5,7,12,8,1,5,5,3,0,0
18/19,02/03/19,Empoli,Parma,3,3,D,1,2,A,13,7,9,7,10,17,8,2,1,3,0,0
18/19,02/03/19,Lazio,Roma,3,0,H,1,0,H,6,7,4,3,13,15,5,7,4,5,0,1
18/19,02/03/19,Milan,Sassuolo,1,0,H,1,0,H,7,11,4,6,20,9,6,6,3,0,0,1
18/19,03/03/19,Atalanta,Fiorentina,3,1,H,2,1,H,17,7,10,4,9,16,8,5,4,2,0,0
18/19,03/03/19,Genoa,Frosinone,0,0,D,0,0,D,10,3,6,0,15,16,8,2,2,4,0,1
18/19,03/03/19,Napoli,Juventus,1,2,A,0,2,A,13,4,5,3,10,14,12,4,3,6,1,1
18/19,03/03/19,Spal,Sampdoria,1,2,A,0,2,A,8,14,2,10,10,14,5,4,2,3,1,0
18/19,03/03/19,Torino,Chievo,3,0,H,0,0,D,9,9,6,5,10,18,7,4,1,4,0,0
18/19,03/03/19,Udinese,Bologna,2,1,H,1,1,D,11,11,6,9,21,20,6,6,3,3,0,0
18/19,08/03/19,Juventus,Udinese,4,1,H,2,0,H,15,4,6,2,7,9,5,0,0,3,0,0
18/19,09/03/19,Chievo,Milan,1,2,A,1,1,D,5,9,1,3,20,13,4,1,3,1,0,0
18/19,09/03/19,Parma,Genoa,1,0,H,0,0,D,8,8,4,1,12,12,4,5,2,1,0,0
18/19,10/03/19,Bologna,Cagliari,2,0,H,1,0,H,17,7,8,6,16,21,8,3,0,0,0,0
18/19,10/03/19,Fiorentina,Lazio,1,1,D,0,1,A,7,7,1,6,8,14,4,7,3,1,0,0
18/19,10/03/19,Frosinone,Torino,1,2,A,1,0,H,9,10,5,7,14,21,3,3,2,4,0,0
18/19,10/03/19,Inter,Spal,2,0,H,0,0,D,10,2,4,1,17,17,4,7,3,5,0,0
18/19,10/03/19,Sampdoria,Atalanta,1,2,A,0,0,D,11,13,6,6,13,10,4,7,2,2,0,0
18/19,10/03/19,Sassuolo,Napoli,1,1,D,0,0,D,7,9,1,4,11,10,3,5,3,2,0,0
18/19,11/03/19,Roma,Empoli,2,1,H,2,1,H,7,4,2,2,12,9,5,3,4,1,1,0
18/19,15/03/19,Cagliari,Fiorentina,2,1,H,0,0,D,10,6,6,4,22,13,4,4,3,2,0,0
18/19,16/03/19,Sassuolo,Sampdoria,3,5,A,1,3,A,12,17,5,11,9,12,6,5,1,1,0,0
18/19,16/03/19,Spal,Roma,2,1,H,1,0,H,10,10,6,5,12,19,3,5,4,5,0,0
18/19,16/03/19,Torino,Bologna,2,3,A,1,2,A,16,8,7,6,15,16,4,5,5,4,1,1
18/19,17/03/19,Atalanta,Chievo,1,1,D,0,1,A,11,6,6,3,12,24,10,1,0,0,0,0
18/19,17/03/19,Empoli,Frosinone,2,1,H,2,0,H,8,9,5,3,16,15,2,2,4,2,0,0
18/19,17/03/19,Genoa,Juventus,2,0,H,0,0,D,10,3,5,0,12,11,6,6,2,3,0,0
18/19,17/03/19,Lazio,Parma,4,1,H,4,0,H,14,4,8,2,10,10,6,5,0,2,0,0
18/19,17/03/19,Milan,Inter,2,3,A,0,1,A,9,10,7,6,19,11,7,4,4,3,0,0
18/19,17/03/19,Napoli,Udinese,4,2,H,2,2,D,13,8,5,3,4,7,5,2,1,1,0,0
18/19,29/03/19,Chievo,Cagliari,0,3,A,0,3,A,10,9,8,3,13,15,5,5,6,3,1,0
18/19,30/03/19,Juventus,Empoli,1,0,H,0,0,D,14,3,6,0,16,11,5,4,0,0,0,0
18/19,30/03/19,Sampdoria,Milan,1,0,H,1,0,H,14,7,8,5,12,9,5,10,1,4,0,0
18/19,30/03/19,Udinese,Genoa,2,0,H,1,0,H,12,15,5,6,10,18,3,5,3,4,0,0
18/19,31/03/19,Bologna,Sassuolo,2,1,H,0,0,D,11,5,8,4,17,18,9,4,2,3,0,0
18/19,31/03/19,Fiorentina,Torino,1,1,D,1,1,D,16,6,8,2,15,8,7,5,0,2,0,0
18/19,31/03/19,Frosinone,Spal,0,1,A,0,1,A,19,5,9,3,19,14,8,3,3,3,0,0
18/19,31/03/19,Inter,Lazio,0,1,A,0,1,A,11,6,6,5,11,13,12,3,0,0,0,0
18/19,31/03/19,Parma,Atalanta,1,3,A,1,1,D,6,18,4,11,13,10,4,6,1,1,0,0
18/19,31/03/19,Roma,Napoli,1,4,A,1,1,D,11,12,5,10,14,14,4,7,4,2,0,0
18/19,02/04/19,Cagliari,Juventus,0,2,A,0,1,A,5,11,1,6,17,10,3,5,3,2,0,0
18/19,02/04/19,Milan,Udinese,1,1,D,1,0,H,12,7,9,3,13,11,7,5,0,0,0,0
18/19,03/04/19,Empoli,Napoli,2,1,H,1,1,D,13,11,9,5,13,5,8,2,2,2,0,0
18/19,03/04/19,Frosinone,Parma,3,2,H,2,1,H,14,10,5,6,14,19,3,3,3,4,0,0
18/19,03/04/19,Genoa,Inter,0,4,A,0,2,A,5,12,2,9,9,12,1,6,2,1,1,0
18/19,03/04/19,Roma,Fiorentina,2,2,D,1,1,D,12,10,6,5,15,15,4,6,3,4,0,0
18/19,03/04/19,Spal,Lazio,1,0,H,0,0,D,8,9,4,5,10,17,2,7,2,5,0,0
18/19,03/04/19,Torino,Sampdoria,2,1,H,2,0,H,14,6,6,3,13,12,6,3,3,3,0,0
18/19,04/04/19,Atalanta,Bologna,4,1,H,4,0,H,12,8,6,4,11,13,5,4,2,3,0,0
18/19,04/04/19,Sassuolo,Chievo,4,0,H,2,0,H,13,9,8,5,14,17,5,4,1,1,0,0
18/19,06/04/19,Juventus,Milan,2,1,H,0,1,A,10,12,6,5,21,15,5,8,2,2,0,0
18/19,06/04/19,Parma,Torino,0,0,D,0,0,D,5,12,1,4,20,21,3,4,4,5,0,0
18/19,06/04/19,Sampdoria,Roma,0,1,A,0,0,D,10,9,2,5,12,11,8,3,2,2,0,0
18/19,07/04/19,Cagliari,Spal,2,1,H,1,1,D,14,5,11,2,19,4,9,4,4,3,0,0
18/19,07/04/19,Fiorentina,Frosinone,0,1,A,0,0,D,14,6,5,3,19,16,10,7,1,4,0,0
18/19,07/04/19,Inter,Atalanta,0,0,D,0,0,D,8,5,6,2,10,13,8,4,1,2,0,0
18/19,07/04/19,Lazio,Sassuolo,2,2,D,0,0,D,18,3,7,2,14,8,11,1,2,1,0,0
18/19,07/04/19,Napoli,Genoa,1,1,D,1,1,D,19,12,10,7,11,10,11,6,2,0,0,1
18/19,07/04/19,Udinese,Empoli,3,2,H,3,2,H,14,12,6,6,8,9,6,6,4,4,1,0
18/19,08/04/19,Bologna,Chievo,3,0,H,0,0,D,14,4,11,2,10,22,6,3,1,8,0,1
18/19,13/04/19,Milan,Lazio,1,0,H,0,0,D,10,8,5,6,13,16,11,4,1,2,0,0
18/19,13/04/19,Roma,Udinese,1,0,H,0,0,D,11,7,5,4,11,13,7,6,2,3,0,0
18/19,13/04/19,Spal,Juventus,2,1,H,0,1,A,8,4,3,3,15,14,5,4,5,2,0,0
18/19,14/04/19,Chievo,Napoli,1,3,A,0,1,A,4,12,4,5,9,10,3,7,0,0,0,0
18/19,14/04/19,Fiorentina,Bologna,0,0,D,0,0,D,14,5,7,3,17,11,10,5,2,3,0,0
18/19,14/04/19,Frosinone,Inter,1,3,A,0,2,A,10,10,4,5,19,17,1,3,3,1,0,0
18/19,14/04/19,Sampdoria,Genoa,2,0,H,1,0,H,13,6,7,1,15,22,3,8,2,5,0,1
18/19,14/04/19,Sassuolo,Parma,0,0,D,0,0,D,16,3,8,1,7,11,7,3,3,2,0,0
18/19,14/04/19,Torino,Cagliari,1,1,D,0,0,D,14,9,8,6,12,20,6,6,2,7,1,2
18/19,15/04/19,Atalanta,Empoli,0,0,D,0,0,D,32,2,18,1,7,11,9,3,1,3,0,0
18/19,17/04/19,Lazio,Udinese,2,0,H,2,0,H,15,9,7,4,13,16,4,5,2,0,0,0
18/19,20/04/19,Bologna,Sampdoria,3,0,H,0,0,D,12,9,6,3,19,12,3,4,2,4,0,0
18/19,20/04/19,Cagliari,Frosinone,1,0,H,1,0,H,12,5,6,2,19,16,5,6,3,1,1,0
18/19,20/04/19,Empoli,Spal,2,4,A,1,2,A,11,9,6,7,15,15,3,6,3,5,0,0
18/19,20/04/19,Genoa,Torino,0,1,A,0,0,D,8,8,4,4,21,24,3,2,4,4,0,0
18/19,20/04/19,Inter,Roma,1,1,D,0,1,A,13,9,7,5,7,13,7,4,1,2,0,0
18/19,20/04/19,Juventus,Fiorentina,2,1,H,1,1,D,9,9,5,6,13,8,10,7,0,1,0,0
18/19,20/04/19,Lazio,Chievo,1,2,A,0,0,D,16,8,8,6,8,21,13,2,0,4,2,0
18/19,20/04/19,Parma,Milan,1,1,D,0,0,D,10,8,3,3,14,13,8,4,0,1,0,0
18/19,20/04/19,Udinese,Sassuolo,1,1,D,0,1,A,10,6,5,2,17,14,6,5,3,2,0,0
18/19,22/04/19,Napoli,Atalanta,1,2,A,1,0,H,13,11,9,7,15,10,3,3,3,1,0,0
18/19,27/04/19,Bologna,Empoli,3,1,H,0,1,A,17,4,7,3,13,15,13,5,3,2,0,0
18/19,27/04/19,Inter,Juventus,1,1,D,1,0,H,10,10,6,4,12,12,10,4,1,3,0,0
18/19,27/04/19,Roma,Cagliari,3,0,H,2,0,H,15,4,11,1,6,7,5,5,1,2,0,0
18/19,28/04/19,Chievo,Parma,1,1,D,0,1,A,6,6,2,2,15,17,2,4,3,3,0,0
18/19,28/04/19,Frosinone,Napoli,0,2,A,0,1,A,13,19,4,13,25,16,2,6,3,1,0,0
18/19,28/04/19,Sampdoria,Lazio,1,2,A,0,2,A,7,10,5,5,13,11,1,4,6,3,1,0
18/19,28/04/19,Spal,Genoa,1,1,D,1,0,H,11,11,5,5,14,15,2,4,3,3,0,0
18/19,28/04/19,Torino,Milan,2,0,H,0,0,D,7,7,3,5,19,23,4,9,2,6,0,1
18/19,29/04/19,Atalanta,Udinese,2,0,H,0,0,D,13,4,8,2,7,13,9,5,0,2,0,0
18/19,29/04/19,Fiorentina,Sassuolo,0,1,A,0,1,A,7,9,4,5,16,7,7,8,3,1,0,0
18/19,03/05/19,Juventus,Torino,1,1,D,0,1,A,11,9,4,2,11,9,7,3,3,3,0,0
18/19,04/05/19,Chievo,Spal,0,4,A,0,1,A,8,14,3,8,13,12,1,5,3,0,0,0
18/19,04/05/19,Udinese,Inter,0,0,D,0,0,D,3,11,3,4,19,11,2,9,1,3,0,0
18/19,05/05/19,Empoli,Fiorentina,1,0,H,0,0,D,6,20,4,11,15,17,4,7,3,1,0,1
18/19,05/05/19,Genoa,Roma,1,1,D,0,0,D,13,11,6,5,14,11,4,7,1,2,0,0
18/19,05/05/19,Lazio,Atalanta,1,3,A,1,1,D,7,10,5,6,15,11,2,5,4,3,0,0
18/19,05/05/19,Napoli,Cagliari,2,1,H,0,0,D,17,4,8,2,11,12,6,2,2,3,0,1
18/19,05/05/19,Parma,Sampdoria,3,3,D,1,2,A,9,14,6,10,14,7,2,2,4,3,1,1
18/19,05/05/19,Sassuolo,Frosinone,2,2,D,0,2,A,14,5,5,3,14,19,8,1,2,3,0,0
18/19,06/05/19,Milan,Bologna,2,1,H,1,0,H,13,14,5,7,9,20,5,10,3,5,1,2
18/19,11/05/19,Atalanta,Genoa,2,1,H,0,0,D,8,13,4,3,14,21,0,4,1,3,0,0
18/19,11/05/19,Cagliari,Lazio,1,2,A,0,1,A,14,10,6,5,11,13,4,2,2,4,0,0
18/19,11/05/19,Fiorentina,Milan,0,1,A,0,1,A,8,10,3,5,15,8,5,6,2,1,0,0
18/19,12/05/19,Frosinone,Udinese,1,3,A,0,3,A,13,11,5,8,15,17,14,10,2,3,0,0
18/19,12/05/19,Roma,Juventus,2,0,H,0,0,D,9,5,4,4,8,7,3,3,3,1,0,0
18/19,12/05/19,Sampdoria,Empoli,1,2,A,0,0,D,11,5,7,4,10,15,8,2,2,1,0,0
18/19,12/05/19,Spal,Napoli,1,2,A,0,0,D,10,17,5,8,11,20,1,12,2,1,0,0
18/19,12/05/19,Torino,Sassuolo,3,2,H,0,1,A,17,7,11,3,15,17,11,1,1,5,0,1
18/19,13/05/19,Bologna,Parma,4,1,H,0,0,D,15,3,10,1,9,15,13,3,1,6,0,1
18/19,13/05/19,Inter,Chievo,2,0,H,1,0,H,16,3,11,0,10,17,17,0,2,3,0,1
18/19,18/05/19,Genoa,Cagliari,1,1,D,0,1,A,16,4,9,3,13,21,11,3,2,1,1,0
18/19,18/05/19,Sassuolo,Roma,0,0,D,0,0,D,9,17,3,6,10,10,5,5,2,4,0,0
18/19,18/05/19,Udinese,Spal,3,2,H,3,0,H,10,12,4,5,17,13,8,6,4,4,0,0
18/19,19/05/19,Chievo,Sampdoria,0,0,D,0,0,D,4,9,1,6,13,9,4,7,3,0,1,0
18/19,19/05/19,Empoli,Torino,4,1,H,1,0,H,11,10,9,6,12,19,7,3,1,1,0,0
18/19,19/05/19,Juventus,Atalanta,1,1,D,0,1,A,11,11,4,7,15,14,5,8,3,1,1,0
18/19,19/05/19,Milan,Frosinone,2,0,H,0,0,D,9,6,3,2,13,7,5,7,1,0,0,0
18/19,19/05/19,Napoli,Inter,4,1,H,1,0,H,14,10,6,7,8,10,3,12,3,1,0,0
18/19,19/05/19,Parma,Fiorentina,1,0,H,0,0,D,9,12,5,6,15,22,3,7,0,1,0,0
18/19,20/05/19,Lazio,Bologna,3,3,D,1,0,H,10,13,5,6,11,11,4,6,2,1,0,0
18/19,25/05/19,Bologna,Napoli,3,2,H,2,0,H,10,15,5,8,11,8,5,8,0,1,0,0
18/19,25/05/19,Frosinone,Chievo,0,0,D,0,0,D,10,2,5,2,15,18,8,2,2,2,0,0
18/19,26/05/19,Atalanta,Sassuolo,3,1,H,1,1,D,13,4,5,3,10,15,7,4,2,4,0,2
18/19,26/05/19,Cagliari,Udinese,1,2,A,1,0,H,12,9,5,5,17,12,12,3,2,2,0,0
18/19,26/05/19,Fiorentina,Genoa,0,0,D,0,0,D,5,2,5,1,12,9,4,1,1,2,0,0
18/19,26/05/19,Inter,Empoli,2,1,H,0,0,D,20,9,15,5,11,9,8,2,4,2,1,1
18/19,26/05/19,Roma,Parma,2,1,H,1,0,H,16,9,8,5,13,8,13,8,2,1,0,0
18/19,26/05/19,Sampdoria,Juventus,2,0,H,0,0,D,10,6,3,1,6,12,7,6,0,2,0,0
18/19,26/05/19,Spal,Milan,2,3,A,1,2,A,7,16,4,8,17,13,8,4,2,2,0,0
18/19,26/05/19,Torino,Lazio,3,1,H,0,0,D,9,9,7,4,9,10,5,5,0,1,0,0
19/20,24/08/19,Parma,Juventus,0,1,A,0,1,A,5,9,4,4,12,14,5,8,2,3,0,0
19/20,24/08/19,Fiorentina,Napoli,3,4,A,1,2,A,10,8,6,6,21,16,4,5,2,4,0,0
19/20,25/08/19,Udinese,Milan,1,0,H,0,0,D,11,6,6,0,14,11,9,4,1,3,0,0
19/20,25/08/19,Cagliari,Brescia,0,1,A,0,0,D,9,8,5,3,10,11,8,8,2,2,0,0
19/20,25/08/19,Roma,Genoa,3,3,D,2,2,D,17,6,9,4,15,13,5,1,3,1,0,0
19/20,25/08/19,Sampdoria,Lazio,0,3,A,0,1,A,12,16,8,10,13,11,5,9,2,2,0,0
19/20,25/08/19,Spal,Atalanta,2,3,A,2,1,H,8,18,3,14,13,16,2,10,2,1,0,0
19/20,25/08/19,Torino,Sassuolo,2,1,H,1,0,H,7,13,4,9,21,15,6,6,4,3,0,0
19/20,25/08/19,Verona,Bologna,1,1,D,1,1,D,5,14,2,5,12,13,1,6,1,3,1,0
19/20,26/08/19,Inter,Lecce,4,0,H,2,0,H,16,10,7,4,14,8,7,7,1,2,0,1
19/20,30/08/19,Bologna,Spal,1,0,H,0,0,D,18,7,9,1,13,13,11,2,3,2,0,0
19/20,31/08/19,Milan,Brescia,1,0,H,1,0,H,11,4,6,2,14,18,5,3,3,4,0,0
19/20,31/08/19,Juventus,Napoli,4,3,H,2,0,H,10,12,8,7,13,13,2,5,3,3,0,0
19/20,01/09/19,Lazio,Roma,1,1,D,0,1,A,21,8,13,5,15,13,8,4,4,3,0,0
19/20,01/09/19,Atalanta,Torino,2,3,A,1,1,D,19,8,12,6,13,15,12,5,2,2,0,0
19/20,01/09/19,Cagliari,Inter,1,2,A,0,1,A,7,9,3,8,12,11,5,5,5,3,0,0
19/20,01/09/19,Genoa,Fiorentina,2,1,H,1,0,H,18,15,10,7,17,15,9,8,2,0,0,0
19/20,01/09/19,Lecce,Verona,0,1,A,0,0,D,9,11,3,6,14,14,2,7,2,3,0,0
19/20,01/09/19,Sassuolo,Sampdoria,4,1,H,3,0,H,11,8,8,5,9,10,3,5,1,3,0,1
19/20,01/09/19,Udinese,Parma,1,3,A,1,1,D,17,6,12,3,11,11,8,1,1,3,0,0
19/20,14/09/19,Fiorentina,Juventus,0,0,D,0,0,D,15,5,8,4,12,18,10,0,3,3,0,0
19/20,14/09/19,Napoli,Sampdoria,2,0,H,1,0,H,19,7,9,2,7,10,8,7,2,2,0,0
19/20,14/09/19,Inter,Udinese,1,0,H,1,0,H,15,6,10,4,9,10,8,3,2,1,0,1
19/20,15/09/19,Genoa,Atalanta,1,2,A,0,0,D,8,11,3,6,12,14,8,7,3,3,0,0
19/20,15/09/19,Brescia,Bologna,3,4,A,3,1,H,9,17,7,6,14,17,2,10,2,6,1,0
19/20,15/09/19,Parma,Cagliari,1,3,A,0,2,A,14,6,8,4,12,16,12,3,0,5,0,0
19/20,15/09/19,Spal,Lazio,2,1,H,0,1,A,9,11,4,7,9,11,8,5,5,3,0,0
19/20,15/09/19,Roma,Sassuolo,4,2,H,4,0,H,14,10,10,5,13,9,8,2,1,2,0,0
19/20,15/09/19,Verona,Milan,0,1,A,0,0,D,6,11,2,6,13,16,2,7,4,3,1,1
19/20,16/09/19,Torino,Lecce,1,2,A,0,1,A,12,12,3,5,11,19,7,3,1,6,0,0
19/20,20/09/19,Cagliari,Genoa,3,1,H,0,0,D,8,7,4,2,12,8,4,3,1,1,0,0
19/20,21/09/19,Udinese,Brescia,0,1,A,0,0,D,6,5,3,3,22,16,3,9,4,4,0,0
19/20,21/09/19,Juventus,Verona,2,1,H,1,1,D,12,8,3,8,12,20,2,5,0,4,0,1
19/20,21/09/19,Milan,Inter,0,2,A,0,0,D,7,11,3,9,15,22,2,6,2,1,0,0
19/20,22/09/19,Sassuolo,Spal,3,0,H,2,0,H,17,8,8,3,19,14,7,9,3,2,0,0
19/20,22/09/19,Bologna,Roma,1,2,A,0,0,D,5,14,3,7,13,16,3,4,3,6,0,1
19/20,22/09/19,Lecce,Napoli,1,4,A,0,2,A,8,12,3,10,12,9,4,6,3,3,0,0
19/20,22/09/19,Sampdoria,Torino,1,0,H,0,0,D,10,6,6,1,19,13,7,8,2,1,0,0
19/20,22/09/19,Atalanta,Fiorentina,2,2,D,0,1,A,15,6,5,3,14,11,9,1,2,5,0,0
19/20,22/09/19,Lazio,Parma,2,0,H,1,0,H,22,3,15,1,7,9,10,5,1,3,0,0
19/20,24/09/19,Verona,Udinese,0,0,D,0,0,D,8,5,4,3,7,18,6,6,0,4,0,0
19/20,24/09/19,Brescia,Juventus,1,2,A,1,1,D,13,15,3,7,11,14,4,3,1,3,0,0
19/20,25/09/19,Roma,Atalanta,0,2,A,0,0,D,8,11,4,4,18,11,5,1,2,1,0,0
19/20,25/09/19,Fiorentina,Sampdoria,2,1,H,1,0,H,12,7,8,4,11,16,3,1,4,5,0,1
19/20,25/09/19,Genoa,Bologna,0,0,D,0,0,D,8,14,4,2,16,11,5,4,5,4,0,0
19/20,25/09/19,Inter,Lazio,1,0,H,1,0,H,9,6,4,4,10,8,4,6,2,3,0,0
19/20,25/09/19,Napoli,Cagliari,0,1,A,0,0,D,17,5,8,1,9,13,13,1,1,1,1,0
19/20,25/09/19,Parma,Sassuolo,1,0,H,0,0,D,8,8,4,5,19,9,5,4,3,1,0,0
19/20,25/09/19,Spal,Lecce,1,3,A,1,1,D,14,9,7,5,13,11,10,1,1,2,0,0
19/20,26/09/19,Torino,Milan,2,1,H,0,1,A,11,16,5,4,15,20,3,5,4,5,0,1
19/20,28/09/19,Juventus,Spal,2,0,H,1,0,H,17,4,10,1,13,9,13,2,2,2,0,0
19/20,28/09/19,Sampdoria,Inter,1,3,A,0,2,A,15,11,2,7,11,13,7,5,2,4,0,1
19/20,28/09/19,Sassuolo,Atalanta,1,4,A,0,4,A,9,10,7,8,14,14,7,3,2,2,0,0
19/20,29/09/19,Napoli,Brescia,2,1,H,2,0,H,16,7,7,3,11,8,7,7,2,1,0,0
19/20,29/09/19,Lazio,Genoa,4,0,H,2,0,H,13,12,11,6,8,11,5,7,1,2,0,0
19/20,29/09/19,Lecce,Roma,0,1,A,0,0,D,10,13,6,6,7,19,4,11,2,4,0,0
19/20,29/09/19,Udinese,Bologna,1,0,H,1,0,H,9,10,4,4,20,16,4,5,4,3,0,1
19/20,29/09/19,Cagliari,Verona,1,1,D,1,0,H,10,11,5,5,18,18,3,5,2,2,0,0
19/20,29/09/19,Milan,Fiorentina,1,3,A,0,1,A,7,13,3,8,10,14,4,6,2,4,1,0
19/20,30/09/19,Parma,Torino,3,2,H,2,2,D,13,6,7,5,17,15,7,3,2,3,0,1
19/20,05/10/19,Spal,Parma,1,0,H,1,0,H,12,5,7,2,9,13,5,8,5,2,1,0
19/20,05/10/19,Verona,Sampdoria,2,0,H,1,0,H,6,9,4,3,14,14,9,4,1,3,0,0
19/20,05/10/19,Genoa,Milan,1,2,A,1,0,H,11,9,6,7,23,14,7,0,4,4,2,2
19/20,06/10/19,Fiorentina,Udinese,1,0,H,0,0,D,8,5,4,1,9,11,12,3,1,2,0,0
19/20,06/10/19,Atalanta,Lecce,3,1,H,2,0,H,26,5,14,2,15,14,9,5,2,3,0,0
19/20,06/10/19,Bologna,Lazio,2,2,D,2,2,D,17,8,10,6,13,17,5,4,5,4,1,1
19/20,06/10/19,Roma,Cagliari,1,1,D,1,1,D,17,6,8,3,17,11,7,1,1,4,0,0
19/20,06/10/19,Torino,Napoli,0,0,D,0,0,D,11,10,6,3,11,12,4,5,1,2,0,0
19/20,06/10/19,Inter,Juventus,1,2,A,1,1,D,6,8,4,6,22,8,7,2,2,3,0,0
19/20,19/10/19,Lazio,Atalanta,3,3,D,0,3,A,12,18,5,9,13,12,3,1,5,2,0,0
19/20,19/10/19,Napoli,Verona,2,0,H,1,0,H,13,14,7,6,12,16,6,8,3,3,0,0
19/20,19/10/19,Juventus,Bologna,2,1,H,1,1,D,13,7,11,4,15,18,8,5,2,3,0,0
19/20,20/10/19,Sassuolo,Inter,3,4,A,1,3,A,7,10,4,7,14,17,5,7,4,3,0,0
19/20,20/10/19,Cagliari,Spal,2,0,H,1,0,H,13,8,7,5,16,15,6,6,4,5,0,0
19/20,20/10/19,Sampdoria,Roma,0,0,D,0,0,D,7,5,2,1,14,11,7,9,3,4,0,1
19/20,20/10/19,Udinese,Torino,1,0,H,1,0,H,10,8,6,5,15,20,6,4,3,3,0,0
19/20,20/10/19,Parma,Genoa,5,1,H,3,0,H,15,11,7,6,9,12,3,7,1,2,0,0
19/20,20/10/19,Milan,Lecce,2,2,D,1,0,H,18,11,8,7,13,12,8,2,1,2,0,0
19/20,21/10/19,Brescia,Fiorentina,0,0,D,0,0,D,3,10,1,6,10,16,6,9,0,3,0,0
19/20,25/10/19,Verona,Sassuolo,0,1,A,0,0,D,7,9,5,5,18,13,9,6,5,5,0,0
19/20,26/10/19,Lecce,Juventus,1,1,D,0,0,D,9,16,5,6,11,13,3,14,4,1,0,0
19/20,26/10/19,Inter,Parma,2,2,D,1,2,A,16,10,7,5,9,11,11,4,3,2,0,0
19/20,26/10/19,Genoa,Brescia,3,1,H,0,1,A,12,4,11,2,24,14,5,3,6,4,0,0
19/20,27/10/19,Bologna,Sampdoria,2,1,H,0,0,D,10,5,6,3,14,18,11,5,1,3,0,0
19/20,27/10/19,Atalanta,Udinese,7,1,H,3,1,H,23,6,16,3,10,5,6,2,2,3,0,1
19/20,27/10/19,Spal,Napoli,1,1,D,1,1,D,5,9,3,4,16,14,4,4,4,1,0,0
19/20,27/10/19,Torino,Cagliari,1,1,D,0,1,A,8,10,5,5,15,11,6,11,2,3,0,0
19/20,27/10/19,Roma,Milan,2,1,H,1,0,H,10,8,5,4,12,17,4,8,4,5,0,0
19/20,27/10/19,Fiorentina,Lazio,1,2,A,1,1,D,9,11,3,8,12,13,7,3,5,3,1,0
19/20,29/10/19,Parma,Verona,0,1,A,0,1,A,15,6,7,2,13,16,12,3,1,5,0,0
19/20,29/10/19,Brescia,Inter,1,2,A,0,1,A,6,6,5,2,14,18,9,8,4,3,0,0
19/20,30/10/19,Napoli,Atalanta,2,2,D,1,1,D,15,12,11,6,16,14,2,3,3,3,0,0
19/20,30/10/19,Cagliari,Bologna,3,2,H,0,1,A,12,6,5,3,15,20,4,1,2,1,0,0
19/20,30/10/19,Juventus,Genoa,2,1,H,1,1,D,18,7,11,3,24,11,10,2,5,3,1,2
19/20,30/10/19,Lazio,Torino,4,0,H,2,0,H,16,6,8,3,11,9,8,0,2,2,0,1
19/20,30/10/19,Sampdoria,Lecce,1,1,D,0,1,A,15,9,6,4,19,14,9,5,4,4,0,1
19/20,30/10/19,Sassuolo,Fiorentina,1,2,A,1,0,H,6,10,5,8,15,20,3,7,3,4,0,0
19/20,30/10/19,Udinese,Roma,0,4,A,0,1,A,8,10,5,6,16,16,5,3,4,2,0,1
19/20,31/10/19,Milan,Spal,1,0,H,0,0,D,10,5,6,2,17,21,7,6,4,4,0,0
19/20,02/11/19,Roma,Napoli,2,1,H,1,0,H,13,12,7,6,23,14,10,4,5,3,1,0
19/20,02/11/19,Bologna,Inter,1,2,A,0,0,D,8,11,3,9,12,24,2,7,3,4,0,0
19/20,02/11/19,Torino,Juventus,0,1,A,0,0,D,7,14,4,10,22,16,11,6,4,2,0,0
19/20,03/11/19,Atalanta,Cagliari,0,2,A,0,1,A,11,12,3,8,15,18,13,2,2,3,1,0
19/20,03/11/19,Genoa,Udinese,1,3,A,1,1,D,10,13,2,5,11,13,8,5,0,2,0,0
19/20,03/11/19,Lecce,Sassuolo,2,2,D,2,1,H,7,12,4,5,14,16,6,6,2,3,0,0
19/20,03/11/19,Verona,Brescia,2,1,H,0,0,D,11,11,6,5,17,17,5,1,1,4,0,1
19/20,03/11/19,Fiorentina,Parma,1,1,D,0,1,A,15,7,4,3,15,20,5,2,2,2,0,0
19/20,03/11/19,Milan,Lazio,1,2,A,1,1,D,9,8,4,7,12,13,8,4,3,5,0,0
19/20,04/11/19,Spal,Sampdoria,0,1,A,0,0,D,7,9,2,4,12,16,8,5,3,1,0,0
19/20,08/11/19,Sassuolo,Bologna,3,1,H,1,0,H,13,9,8,7,16,17,4,4,2,6,0,0
19/20,09/11/19,Brescia,Torino,0,4,A,0,2,A,5,12,3,7,18,17,4,4,5,3,1,0
19/20,09/11/19,Inter,Verona,2,1,H,0,1,A,19,5,13,2,14,11,9,3,3,1,0,0
19/20,09/11/19,Napoli,Genoa,0,0,D,0,0,D,13,8,8,3,15,19,5,2,1,4,0,0
19/20,10/11/19,Cagliari,Fiorentina,5,2,H,3,0,H,12,10,8,7,12,15,5,6,1,3,0,0
19/20,10/11/19,Lazio,Lecce,4,2,H,1,1,D,17,18,7,10,8,10,9,3,2,3,0,0
19/20,10/11/19,Sampdoria,Atalanta,0,0,D,0,0,D,5,7,2,3,19,13,1,7,2,4,0,1
19/20,10/11/19,Udinese,Spal,0,0,D,0,0,D,11,10,4,4,14,14,3,7,3,5,0,0
19/20,10/11/19,Parma,Roma,2,0,H,0,0,D,13,10,8,7,16,9,5,10,3,2,0,0
19/20,10/11/19,Juventus,Milan,1,0,H,0,0,D,11,10,5,7,13,10,5,5,1,5,0,0
19/20,23/11/19,Atalanta,Juventus,1,3,A,0,0,D,14,11,9,5,17,13,8,3,5,3,0,0
19/20,23/11/19,Milan,Napoli,1,1,D,1,1,D,11,12,4,6,19,15,3,4,3,2,0,0
19/20,23/11/19,Torino,Inter,0,3,A,0,2,A,5,6,2,5,10,18,12,4,2,3,0,0
19/20,24/11/19,Bologna,Parma,2,2,D,1,1,D,11,11,7,7,18,18,15,2,1,3,0,0
19/20,24/11/19,Roma,Brescia,3,0,H,0,0,D,14,5,6,2,17,10,17,6,1,1,0,0
19/20,24/11/19,Sassuolo,Lazio,1,2,A,1,1,D,5,10,2,6,14,14,5,8,1,3,0,0
19/20,24/11/19,Verona,Fiorentina,1,0,H,0,0,D,13,7,8,2,18,8,8,6,3,2,0,0
19/20,24/11/19,Sampdoria,Udinese,2,1,H,1,1,D,19,5,13,2,8,22,8,2,2,3,0,1
19/20,25/11/19,Lecce,Cagliari,2,2,D,0,1,A,17,6,8,2,13,19,11,2,2,2,1,2
19/20,25/11/19,Spal,Genoa,1,1,D,0,0,D,13,13,7,6,12,13,5,4,2,1,0,0
19/20,30/11/19,Brescia,Atalanta,0,3,A,0,1,A,9,19,5,12,15,15,2,11,1,3,0,0
19/20,30/11/19,Genoa,Torino,0,1,A,0,0,D,5,10,3,3,15,18,6,4,2,3,0,1
19/20,30/11/19,Fiorentina,Lecce,0,1,A,0,0,D,13,6,6,6,13,21,9,2,1,3,0,0
19/20,01/12/19,Juventus,Sassuolo,2,2,D,1,1,D,17,8,9,4,11,13,9,2,1,5,0,0
19/20,01/12/19,Inter,Spal,2,1,H,2,0,H,16,8,10,3,15,17,8,0,1,4,0,0
19/20,01/12/19,Lazio,Udinese,3,0,H,3,0,H,15,4,6,0,9,12,2,2,0,1,0,0
19/20,01/12/19,Parma,Milan,0,1,A,0,0,D,6,19,0,8,13,15,1,7,1,3,0,0
19/20,01/12/19,Napoli,Bologna,1,2,A,1,0,H,20,9,5,6,12,10,7,0,1,5,0,0
19/20,01/12/19,Verona,Roma,1,3,A,1,2,A,7,12,3,5,11,14,6,5,3,3,0,0
19/20,02/12/19,Cagliari,Sampdoria,4,3,H,0,1,A,12,9,8,5,15,12,6,4,3,1,0,0
19/20,06/12/19,Inter,Roma,0,0,D,0,0,D,9,6,2,2,12,11,8,3,3,1,0,0
19/20,07/12/19,Atalanta,Verona,3,2,H,1,1,D,21,7,10,2,14,16,13,4,1,5,0,1
19/20,07/12/19,Udinese,Napoli,1,1,D,1,0,H,5,12,1,3,20,15,3,10,3,4,0,1
19/20,07/12/19,Lazio,Juventus,3,1,H,1,1,D,12,8,8,5,14,10,4,5,4,3,0,1
19/20,08/12/19,Lecce,Genoa,2,2,D,0,2,A,22,14,5,4,17,18,11,3,5,6,0,2
19/20,08/12/19,Sassuolo,Cagliari,2,2,D,2,0,H,9,4,3,3,10,19,8,4,3,4,0,0
19/20,08/12/19,Spal,Brescia,0,1,A,0,0,D,18,12,4,7,17,18,3,1,3,3,0,0
19/20,08/12/19,Torino,Fiorentina,2,1,H,1,0,H,10,15,5,5,19,17,3,9,4,3,0,0
19/20,08/12/19,Sampdoria,Parma,0,1,A,0,1,A,18,10,6,2,15,12,3,2,3,2,0,0
19/20,08/12/19,Bologna,Milan,2,3,A,1,2,A,11,11,4,7,17,19,5,1,4,2,0,0
19/20,14/12/19,Brescia,Lecce,3,0,H,2,0,H,13,11,9,4,17,26,4,6,4,6,0,0
19/20,14/12/19,Napoli,Parma,1,2,A,0,1,A,22,7,9,5,9,12,11,1,2,2,0,0
19/20,14/12/19,Genoa,Sampdoria,0,1,A,0,0,D,5,2,1,1,16,26,4,2,5,3,0,0
19/20,15/12/19,Verona,Torino,3,3,D,0,1,A,12,12,8,8,20,19,6,3,3,1,0,0
19/20,15/12/19,Bologna,Atalanta,2,1,H,1,0,H,8,15,5,7,14,18,4,4,5,1,1,0
19/20,15/12/19,Juventus,Udinese,3,1,H,3,0,H,14,9,12,7,10,4,9,8,2,1,0,0
19/20,15/12/19,Milan,Sassuolo,0,0,D,0,0,D,17,10,12,6,14,16,8,3,5,4,0,0
19/20,15/12/19,Roma,Spal,3,1,H,0,1,A,18,5,13,3,10,17,8,3,1,3,0,0
19/20,15/12/19,Fiorentina,Inter,1,1,D,0,1,A,10,7,5,5,15,17,5,1,3,4,0,0
19/20,16/12/19,Cagliari,Lazio,1,2,A,1,0,H,9,13,4,7,11,11,2,9,4,3,0,0
19/20,18/12/19,Sampdoria,Juventus,1,2,A,1,2,A,13,10,4,4,7,17,5,5,5,2,1,0
19/20,18/12/19,Brescia,Sassuolo,0,2,A,0,1,A,15,11,6,6,16,17,4,4,2,3,0,0
19/20,20/12/19,Fiorentina,Roma,1,4,A,1,2,A,7,8,4,6,20,16,5,4,4,3,0,0
19/20,21/12/19,Udinese,Cagliari,2,1,H,1,0,H,9,13,2,2,13,14,2,1,3,4,0,1
19/20,21/12/19,Inter,Genoa,4,0,H,2,0,H,12,7,9,4,11,12,6,3,1,4,0,0
19/20,21/12/19,Torino,Spal,1,2,A,1,1,D,7,7,6,4,24,16,10,3,5,5,1,0
19/20,22/12/19,Atalanta,Milan,5,0,H,1,0,H,14,4,12,1,7,12,5,2,2,4,0,0
19/20,22/12/19,Lecce,Bologna,2,3,A,0,1,A,7,19,3,16,17,18,6,2,3,3,0,0
19/20,22/12/19,Parma,Brescia,1,1,D,0,0,D,13,11,6,4,16,10,9,5,3,2,0,0
19/20,22/12/19,Sassuolo,Napoli,1,2,A,1,0,H,12,14,5,11,16,13,7,11,2,2,0,0
19/20,05/01/20,Brescia,Lazio,1,2,A,1,1,D,4,15,3,7,12,24,2,5,5,4,1,0
19/20,05/01/20,Spal,Verona,0,2,A,0,1,A,12,14,2,9,8,15,3,4,1,1,1,0
19/20,05/01/20,Genoa,Sassuolo,2,1,H,1,1,D,10,6,7,3,23,14,1,6,4,6,0,0
19/20,05/01/20,Roma,Torino,0,2,A,0,1,A,25,9,11,6,10,21,14,3,5,2,0,0
19/20,06/01/20,Bologna,Fiorentina,1,1,D,0,1,A,12,7,7,4,14,23,14,2,2,4,0,0
19/20,06/01/20,Atalanta,Parma,5,0,H,3,0,H,18,3,11,1,12,13,2,2,2,4,0,0
19/20,06/01/20,Juventus,Cagliari,4,0,H,0,0,D,15,5,11,3,9,15,3,2,1,1,0,0
19/20,06/01/20,Milan,Sampdoria,0,0,D,0,0,D,14,6,12,4,12,20,7,5,1,5,0,0
19/20,06/01/20,Lecce,Udinese,0,1,A,0,0,D,10,7,6,4,17,11,7,8,1,1,0,0
19/20,06/01/20,Napoli,Inter,1,3,A,1,2,A,18,9,8,8,10,22,3,4,0,6,0,0
19/20,11/01/20,Cagliari,Milan,0,2,A,0,0,D,6,8,2,4,14,13,3,6,3,1,0,0
19/20,11/01/20,Lazio,Napoli,1,0,H,0,0,D,7,11,6,7,9,7,6,6,2,2,0,0
19/20,11/01/20,Inter,Atalanta,1,1,D,1,0,H,8,12,5,7,21,13,0,4,3,4,0,0
19/20,12/01/20,Udinese,Sassuolo,3,0,H,1,0,H,13,10,9,5,13,13,6,11,0,0,0,0
19/20,12/01/20,Fiorentina,Spal,1,0,H,0,0,D,11,9,5,3,18,10,3,4,1,1,0,0
19/20,12/01/20,Sampdoria,Brescia,5,1,H,2,1,H,22,9,11,5,14,7,4,2,2,3,0,0
19/20,12/01/20,Torino,Bologna,1,0,H,1,0,H,4,10,3,7,16,14,3,9,6,3,0,0
19/20,12/01/20,Verona,Genoa,2,1,H,0,1,A,11,3,9,3,14,22,4,2,3,6,0,0
19/20,12/01/20,Roma,Juventus,1,2,A,0,2,A,16,5,9,4,12,13,13,2,6,3,0,0
19/20,13/01/20,Parma,Lecce,2,0,H,0,0,D,9,11,5,6,19,10,6,5,4,2,0,0
19/20,18/01/20,Lazio,Sampdoria,5,1,H,3,0,H,16,6,12,4,12,13,6,4,1,2,0,1
19/20,18/01/20,Sassuolo,Torino,2,1,H,0,1,A,7,7,6,3,13,15,13,6,2,4,0,0
19/20,18/01/20,Napoli,Fiorentina,0,2,A,0,1,A,10,9,5,5,7,10,4,5,2,2,0,0
19/20,19/01/20,Milan,Udinese,3,2,H,0,1,A,19,10,10,7,17,8,9,3,5,1,0,0
19/20,19/01/20,Bologna,Verona,1,1,D,1,0,H,5,11,3,8,20,16,3,8,6,2,1,0
19/20,19/01/20,Brescia,Cagliari,2,2,D,1,1,D,9,18,6,10,10,18,2,7,4,4,1,0
19/20,19/01/20,Lecce,Inter,1,1,D,0,0,D,8,16,3,10,11,9,3,14,2,2,0,0
19/20,19/01/20,Genoa,Roma,1,3,A,1,2,A,9,14,8,7,12,13,7,3,2,3,0,0
19/20,19/01/20,Juventus,Parma,2,1,H,1,0,H,14,8,6,7,12,10,10,6,0,1,0,0
19/20,20/01/20,Atalanta,Spal,1,2,A,1,0,H,14,13,8,7,15,17,8,4,2,3,0,0
19/20,24/01/20,Brescia,Milan,0,1,A,0,0,D,13,10,7,5,12,15,7,3,2,4,0,0
19/20,25/01/20,Spal,Bologna,1,3,A,1,1,D,9,12,5,6,16,15,5,9,4,3,0,0
19/20,25/01/20,Fiorentina,Genoa,0,0,D,0,0,D,15,8,6,6,18,21,7,6,4,3,0,0
19/20,25/01/20,Torino,Atalanta,0,7,A,0,3,A,6,17,4,15,17,12,4,12,3,2,2,0
19/20,26/01/20,Inter,Cagliari,1,1,D,1,0,H,14,8,5,3,10,10,4,6,4,1,2,0
19/20,26/01/20,Parma,Udinese,2,0,H,2,0,H,10,15,5,5,12,9,5,11,2,3,0,0
19/20,26/01/20,Sampdoria,Sassuolo,0,0,D,0,0,D,15,6,5,2,16,9,6,3,4,1,0,1
19/20,26/01/20,Verona,Lecce,3,0,H,2,0,H,9,3,5,1,16,11,5,0,2,3,0,1
19/20,26/01/20,Roma,Lazio,1,1,D,1,1,D,16,3,7,2,11,12,7,1,3,4,0,0
19/20,26/01/20,Napoli,Juventus,2,1,H,0,0,D,11,7,4,5,14,14,3,2,2,5,0,0
19/20,01/02/20,Bologna,Brescia,2,1,H,1,1,D,17,3,7,1,17,14,6,3,3,2,0,0
19/20,01/02/20,Cagliari,Parma,2,2,D,1,1,D,21,17,11,5,12,15,8,7,3,2,0,0
19/20,01/02/20,Sassuolo,Roma,4,2,H,3,0,H,16,19,9,9,6,19,5,11,1,7,0,1
19/20,02/02/20,Juventus,Fiorentina,3,0,H,1,0,H,8,7,8,5,9,13,10,5,1,4,0,0
19/20,02/02/20,Atalanta,Genoa,2,2,D,2,2,D,17,9,10,5,19,19,7,1,2,6,0,1
19/20,02/02/20,Lazio,Spal,5,1,H,4,0,H,12,10,10,5,9,7,5,2,1,2,0,0
19/20,02/02/20,Milan,Verona,1,1,D,1,1,D,17,8,6,6,11,12,9,3,1,4,0,1
19/20,02/02/20,Lecce,Torino,4,0,H,2,0,H,14,11,11,4,14,23,5,3,3,3,0,0
19/20,02/02/20,Udinese,Inter,0,2,A,0,0,D,11,14,4,10,10,16,3,2,2,2,0,0
19/20,03/02/20,Sampdoria,Napoli,2,4,A,1,2,A,12,12,10,10,17,6,4,6,4,3,0,0
19/20,05/02/20,Lazio,Verona,0,0,D,0,0,D,12,12,6,6,12,15,6,7,3,2,0,0
19/20,07/02/20,Roma,Bologna,2,3,A,1,2,A,14,12,10,8,11,16,6,6,2,4,1,0
19/20,08/02/20,Fiorentina,Atalanta,1,2,A,1,0,H,5,13,3,7,20,13,4,3,2,2,0,0
19/20,08/02/20,Torino,Sampdoria,1,3,A,0,0,D,2,8,2,6,16,19,2,3,3,5,1,0
19/20,08/02/20,Verona,Juventus,2,1,H,0,0,D,9,10,5,5,11,18,3,4,2,3,0,0
19/20,09/02/20,Spal,Sassuolo,1,2,A,1,0,H,10,16,5,9,16,16,1,6,2,4,0,0
19/20,09/02/20,Brescia,Udinese,1,1,D,0,0,D,9,16,7,8,8,17,4,9,0,3,0,0
19/20,09/02/20,Genoa,Cagliari,1,0,H,1,0,H,8,8,5,6,15,15,5,3,3,6,0,0
19/20,09/02/20,Napoli,Lecce,2,3,A,0,1,A,19,13,9,10,14,10,10,4,5,3,0,0
19/20,09/02/20,Parma,Lazio,0,1,A,0,1,A,16,17,6,6,13,10,7,6,4,3,0,0
19/20,09/02/20,Inter,Milan,4,2,H,0,2,A,14,8,11,5,6,13,7,6,4,2,0,0
19/20,15/02/20,Lecce,Spal,2,1,H,1,0,H,8,13,4,5,13,23,4,8,5,3,0,0
19/20,15/02/20,Bologna,Genoa,0,3,A,0,2,A,11,5,6,5,19,13,4,4,3,5,2,0
19/20,15/02/20,Atalanta,Roma,2,1,H,0,1,A,11,5,7,1,11,15,5,2,1,5,0,0
19/20,16/02/20,Udinese,Verona,0,0,D,0,0,D,10,9,6,6,13,17,9,6,1,2,0,0
19/20,16/02/20,Juventus,Brescia,2,0,H,1,0,H,20,5,11,2,12,8,16,2,3,2,0,1
19/20,16/02/20,Sampdoria,Fiorentina,1,5,A,0,3,A,13,12,8,9,13,13,7,3,5,4,1,1
19/20,16/02/20,Sassuolo,Parma,0,1,A,0,1,A,10,6,5,6,14,19,5,3,5,4,0,0
19/20,16/02/20,Cagliari,Napoli,0,1,A,0,0,D,10,12,4,4,14,11,2,3,3,1,0,0
19/20,16/02/20,Lazio,Inter,2,1,H,0,1,A,11,9,6,6,13,15,6,6,5,2,0,0
19/20,17/02/20,Milan,Torino,1,0,H,1,0,H,9,6,3,1,16,11,9,5,3,3,0,0
19/20,21/02/20,Brescia,Napoli,1,2,A,1,0,H,8,7,1,5,16,14,4,4,3,3,0,0
19/20,22/02/20,Bologna,Udinese,1,1,D,0,1,A,12,4,3,3,13,12,7,5,1,2,0,0
19/20,22/02/20,Spal,Juventus,1,2,A,0,1,A,10,17,5,9,25,15,3,4,4,2,0,0
19/20,22/02/20,Fiorentina,Milan,1,1,D,0,0,D,11,5,7,3,11,15,4,3,1,3,1,0
19/20,23/02/20,Genoa,Lazio,2,3,A,0,1,A,11,11,9,8,12,13,6,1,2,2,0,0
19/20,23/02/20,Roma,Lecce,4,0,H,2,0,H,19,9,11,4,9,6,6,4,1,0,0,0
19/20,29/02/20,Lazio,Bologna,2,0,H,2,0,H,12,11,5,4,9,12,7,5,1,4,0,0
19/20,29/02/20,Napoli,Torino,2,1,H,1,0,H,16,5,10,3,12,13,7,1,1,3,0,0
19/20,01/03/20,Lecce,Atalanta,2,7,A,2,2,D,5,17,3,11,9,12,2,11,2,2,0,0
19/20,01/03/20,Cagliari,Roma,3,4,A,1,2,A,7,18,7,14,14,13,2,7,4,5,0,0
19/20,08/03/20,Parma,Spal,0,1,A,0,0,D,11,6,2,2,19,22,4,5,2,2,0,0
19/20,08/03/20,Milan,Genoa,1,2,A,0,2,A,13,6,4,3,14,12,7,5,0,0,0,1
19/20,08/03/20,Sampdoria,Verona,2,1,H,0,1,A,8,3,7,2,14,23,2,6,4,3,0,0
19/20,08/03/20,Udinese,Fiorentina,0,0,D,0,0,D,11,7,2,5,8,5,6,9,2,0,0,0
19/20,08/03/20,Juventus,Inter,2,0,H,0,0,D,12,8,6,2,8,18,5,4,1,3,0,1
19/20,09/03/20,Sassuolo,Brescia,3,0,H,1,0,H,13,6,10,4,15,9,5,4,3,3,0,0
19/20,20/06/20,Torino,Parma,1,1,D,1,1,D,14,6,9,5,16,17,5,2,1,2,0,0
19/20,20/06/20,Verona,Cagliari,2,1,H,2,1,H,8,13,6,4,4,19,1,7,1,6,1,1
19/20,21/06/20,Atalanta,Sassuolo,4,1,H,3,0,H,12,10,5,6,24,6,4,3,4,3,0,0
19/20,21/06/20,Inter,Sampdoria,2,1,H,2,0,H,11,7,5,3,17,21,5,1,3,3,0,0
19/20,22/06/20,Fiorentina,Brescia,1,1,D,1,1,D,15,5,8,3,21,21,7,2,5,4,1,0
19/20,22/06/20,Lecce,Milan,1,4,A,0,1,A,6,12,1,11,8,13,5,4,1,1,0,0
19/20,22/06/20,Bologna,Juventus,0,2,A,0,2,A,6,12,1,5,16,16,8,2,1,4,0,1
19/20,23/06/20,Spal,Cagliari,0,1,A,0,0,D,6,9,2,4,21,12,1,9,3,3,0,0
19/20,23/06/20,Verona,Napoli,0,2,A,0,1,A,10,10,6,8,16,7,8,4,1,1,0,0
19/20,23/06/20,Genoa,Parma,1,4,A,0,2,A,9,11,3,8,15,15,1,3,1,2,0,0
19/20,23/06/20,Torino,Udinese,1,0,H,1,0,H,4,7,3,5,11,11,1,16,0,0,0,0
19/20,24/06/20,Inter,Sassuolo,3,3,D,2,1,H,14,8,10,4,18,20,7,6,3,1,1,0
19/20,24/06/20,Atalanta,Lazio,3,2,H,1,2,A,13,5,9,3,13,15,11,0,2,2,0,0
19/20,24/06/20,Roma,Sampdoria,2,1,H,0,1,A,16,13,10,9,10,14,10,8,0,0,0,0
19/20,26/06/20,Juventus,Lecce,4,0,H,0,0,D,23,7,12,2,15,7,12,4,1,0,0,1
19/20,27/06/20,Brescia,Genoa,2,2,D,2,1,H,6,11,4,8,16,16,1,8,4,2,0,0
19/20,27/06/20,Cagliari,Torino,4,2,H,2,0,H,9,11,5,6,15,12,3,5,3,0,0,0
19/20,27/06/20,Lazio,Fiorentina,2,1,H,0,1,A,12,9,4,5,13,13,7,1,5,2,0,1
19/20,28/06/20,Milan,Roma,2,0,H,0,0,D,11,3,7,2,10,16,5,6,2,2,0,0
19/20,28/06/20,Napoli,Spal,3,1,H,2,1,H,17,5,11,3,14,14,4,1,0,3,0,0
19/20,28/06/20,Sampdoria,Bologna,1,2,A,0,0,D,13,9,7,4,17,15,13,4,3,1,0,0
19/20,28/06/20,Sassuolo,Verona,3,3,D,0,0,D,13,6,9,4,17,13,12,2,2,2,0,0
19/20,28/06/20,Udinese,Atalanta,2,3,A,1,1,D,9,13,4,13,14,9,0,10,2,2,0,0
19/20,28/06/20,Parma,Inter,1,2,A,1,0,H,9,14,2,6,9,13,1,8,3,4,1,1
19/20,30/06/20,Torino,Lazio,1,2,A,1,0,H,2,12,1,6,15,16,2,8,1,3,0,0
19/20,30/06/20,Genoa,Juventus,1,3,A,0,0,D,2,11,2,9,21,10,2,9,5,1,0,0
19/20,01/07/20,Bologna,Cagliari,1,1,D,1,0,H,16,6,7,4,20,17,7,2,3,2,0,0
19/20,01/07/20,Inter,Brescia,6,0,H,3,0,H,20,3,12,1,13,10,4,4,2,2,0,0
19/20,01/07/20,Fiorentina,Sassuolo,1,3,A,0,2,A,11,8,7,8,20,12,8,3,4,2,0,0
19/20,01/07/20,Lecce,Sampdoria,1,2,A,0,1,A,12,8,6,5,13,14,9,5,2,3,0,0
19/20,01/07/20,Spal,Milan,2,2,D,2,0,H,4,25,3,12,9,12,3,17,3,0,1,0
19/20,01/07/20,Verona,Parma,3,2,H,1,1,D,6,13,5,5,14,10,3,1,2,3,0,0
19/20,02/07/20,Atalanta,Napoli,2,0,H,0,0,D,6,15,4,8,17,14,5,5,1,1,0,0
19/20,02/07/20,Roma,Udinese,0,2,A,0,1,A,9,8,6,3,10,11,10,7,3,2,1,0
19/20,04/07/20,Juventus,Torino,4,1,H,2,1,H,15,12,7,6,11,8,5,8,4,2,0,0
19/20,04/07/20,Sassuolo,Lecce,4,2,H,1,1,D,7,5,7,3,15,21,4,4,3,4,0,0
19/20,04/07/20,Lazio,Milan,0,3,A,0,2,A,8,7,2,5,14,12,5,1,1,1,0,0
19/20,05/07/20,Inter,Bologna,1,2,A,1,0,H,15,11,9,8,16,12,12,9,3,3,1,1
19/20,05/07/20,Brescia,Verona,2,0,H,0,0,D,7,14,6,9,11,13,3,11,3,1,0,0
19/20,05/07/20,Cagliari,Atalanta,0,1,A,0,1,A,6,22,1,12,15,14,6,4,3,2,1,0
19/20,05/07/20,Parma,Fiorentina,1,2,A,0,2,A,7,9,2,6,17,14,3,0,4,6,0,0
19/20,05/07/20,Sampdoria,Spal,3,0,H,3,0,H,9,8,5,3,18,12,4,13,1,1,0,0
19/20,05/07/20,Udinese,Genoa,2,2,D,1,0,H,9,6,6,4,13,14,2,4,3,2,0,0
19/20,05/07/20,Napoli,Roma,2,1,H,0,0,D,18,5,12,4,10,16,8,1,2,4,0,0
19/20,07/07/20,Lecce,Lazio,2,1,H,1,1,D,7,14,3,10,8,11,3,14,3,3,0,1
19/20,07/07/20,Milan,Juventus,4,2,H,0,0,D,9,9,9,4,14,16,2,6,4,1,0,0
19/20,08/07/20,Fiorentina,Cagliari,0,0,D,0,0,D,11,11,7,7,11,10,6,3,2,2,0,0
19/20,08/07/20,Genoa,Napoli,1,2,A,0,1,A,7,16,3,11,13,6,6,8,1,0,0,0
19/20,08/07/20,Atalanta,Sampdoria,2,0,H,0,0,D,11,9,6,3,12,19,7,9,2,3,0,0
19/20,08/07/20,Bologna,Sassuolo,1,2,A,0,1,A,8,11,6,5,17,16,7,8,3,4,0,0
19/20,08/07/20,Roma,Parma,2,1,H,1,1,D,15,4,7,2,17,10,9,3,5,1,0,0
19/20,08/07/20,Torino,Brescia,3,1,H,0,1,A,14,13,10,6,24,19,6,5,1,3,0,0
19/20,09/07/20,Spal,Udinese,0,3,A,0,2,A,11,7,3,4,11,9,9,1,0,0,0,0
19/20,09/07/20,Verona,Inter,2,2,D,1,0,H,10,13,4,7,19,11,0,5,3,2,0,0
19/20,11/07/20,Lazio,Sassuolo,1,2,A,1,0,H,7,11,1,4,13,7,1,5,4,2,0,0
19/20,11/07/20,Brescia,Roma,0,3,A,0,0,D,8,16,4,9,19,16,3,8,1,2,0,0
19/20,11/07/20,Juventus,Atalanta,2,2,D,0,1,A,6,9,5,4,11,16,2,4,3,2,0,0
19/20,12/07/20,Genoa,Spal,2,0,H,1,0,H,12,3,9,0,15,19,7,2,1,2,0,0
19/20,12/07/20,Cagliari,Lecce,0,0,D,0,0,D,12,15,6,10,10,7,6,7,1,1,0,0
19/20,12/07/20,Fiorentina,Verona,1,1,D,0,1,A,10,5,3,4,15,14,6,8,3,2,0,0
19/20,12/07/20,Parma,Bologna,2,2,D,0,2,A,13,9,5,6,17,24,6,2,1,1,0,0
19/20,12/07/20,Udinese,Sampdoria,1,3,A,1,1,D,7,9,4,6,16,10,10,7,1,4,0,0
19/20,12/07/20,Napoli,Milan,2,2,D,1,1,D,14,4,9,4,9,18,7,2,2,4,0,1
19/20,13/07/20,Inter,Torino,3,1,H,0,1,A,20,6,11,4,21,18,9,2,5,3,0,0
19/20,14/07/20,Atalanta,Brescia,6,2,H,4,1,H,13,6,7,5,12,10,1,1,0,0,0,0
19/20,15/07/20,Bologna,Napoli,1,1,D,0,1,A,11,9,2,4,20,9,8,4,1,1,0,0
19/20,15/07/20,Milan,Parma,3,1,H,0,1,A,21,9,7,5,9,10,7,6,1,2,0,0
19/20,15/07/20,Sampdoria,Cagliari,3,0,H,2,0,H,9,15,4,3,13,15,4,3,0,2,0,0
19/20,15/07/20,Lecce,Fiorentina,1,3,A,0,3,A,10,12,3,7,15,7,6,5,3,2,0,0
19/20,15/07/20,Roma,Verona,2,1,H,2,0,H,20,9,6,3,14,6,7,6,4,3,0,0
19/20,15/07/20,Sassuolo,Juventus,3,3,D,1,2,A,16,13,12,6,14,13,3,9,4,4,0,0
19/20,15/07/20,Udinese,Lazio,0,0,D,0,0,D,15,15,7,3,12,11,4,5,2,3,0,0
19/20,16/07/20,Torino,Genoa,3,0,H,1,0,H,8,10,4,4,20,18,8,4,2,2,0,0
19/20,16/07/20,Spal,Inter,0,4,A,0,1,A,8,13,1,8,10,9,0,7,2,3,0,0
19/20,18/07/20,Verona,Atalanta,1,1,D,0,0,D,11,17,8,7,15,15,7,5,2,2,0,0
19/20,18/07/20,Cagliari,Sassuolo,1,1,D,0,1,A,2,5,1,2,14,15,0,9,4,2,1,0
19/20,18/07/20,Milan,Bologna,5,1,H,2,1,H,17,8,14,3,19,14,7,2,2,1,0,0
19/20,19/07/20,Parma,Sampdoria,2,3,A,2,0,H,13,12,7,5,13,11,4,6,0,1,0,0
19/20,19/07/20,Brescia,Spal,2,1,H,0,1,A,15,13,6,7,10,14,7,4,2,2,0,0
19/20,19/07/20,Fiorentina,Torino,2,0,H,1,0,H,12,5,4,1,7,11,4,1,1,2,0,0
19/20,19/07/20,Genoa,Lecce,2,1,H,1,0,H,8,17,5,2,12,10,3,8,2,3,0,0
19/20,19/07/20,Napoli,Udinese,2,1,H,1,1,D,17,3,10,3,13,17,2,3,3,2,0,0
19/20,19/07/20,Roma,Inter,2,2,D,1,1,D,6,4,3,3,18,13,8,5,1,1,0,0
19/20,20/07/20,Juventus,Lazio,2,1,H,0,0,D,13,6,10,5,18,15,4,7,3,1,0,0
19/20,21/07/20,Atalanta,Bologna,1,0,H,0,0,D,13,9,7,2,19,14,6,4,4,2,0,0
19/20,21/07/20,Sassuolo,Milan,1,2,A,1,2,A,6,12,3,8,12,24,5,3,3,4,1,0
19/20,22/07/20,Parma,Napoli,2,1,H,1,0,H,6,12,3,4,8,12,3,3,3,1,0,0
19/20,22/07/20,Inter,Fiorentina,0,0,D,0,0,D,12,6,9,4,13,13,11,2,1,3,0,0
19/20,22/07/20,Lecce,Brescia,3,1,H,2,0,H,13,10,10,3,11,11,5,10,2,1,0,0
19/20,22/07/20,Sampdoria,Genoa,1,2,A,1,1,D,11,7,7,5,14,13,5,0,4,2,0,0
19/20,22/07/20,Spal,Roma,1,6,A,1,2,A,9,13,4,9,10,11,3,1,1,0,0,0
19/20,22/07/20,Torino,Verona,1,1,D,0,0,D,6,8,4,6,18,16,5,4,4,2,0,0
19/20,23/07/20,Udinese,Juventus,2,1,H,0,1,A,9,14,4,6,9,8,3,7,2,2,0,0
19/20,23/07/20,Lazio,Cagliari,2,1,H,0,1,A,16,8,12,4,14,11,13,3,3,1,0,0
19/20,24/07/20,Milan,Atalanta,1,1,D,1,1,D,6,9,3,4,17,12,3,7,1,1,0,0
19/20,25/07/20,Brescia,Parma,1,2,A,0,0,D,10,12,7,6,15,13,5,3,4,0,0,0
19/20,25/07/20,Genoa,Inter,0,3,A,0,1,A,7,8,2,4,12,15,4,6,2,3,0,0
19/20,25/07/20,Napoli,Sassuolo,2,0,H,1,0,H,16,4,9,1,4,10,7,4,1,3,0,0
19/20,26/07/20,Bologna,Lecce,3,2,H,2,1,H,18,19,12,10,16,8,9,6,1,1,0,0
19/20,26/07/20,Cagliari,Udinese,0,1,A,0,1,A,14,10,8,6,10,17,4,8,2,1,0,0
19/20,26/07/20,Roma,Fiorentina,2,1,H,1,0,H,12,4,7,2,13,14,8,3,1,4,0,0
19/20,26/07/20,Spal,Torino,1,1,D,0,0,D,3,14,2,7,11,17,0,10,2,3,0,0
19/20,26/07/20,Verona,Lazio,1,5,A,1,1,D,9,12,6,7,16,7,8,5,2,2,0,0
19/20,26/07/20,Juventus,Sampdoria,2,0,H,1,0,H,14,13,8,8,17,13,4,5,4,5,0,1
19/20,28/07/20,Parma,Atalanta,1,2,A,1,0,H,8,11,6,5,17,16,3,3,2,1,0,0
19/20,28/07/20,Inter,Napoli,2,0,H,1,0,H,6,8,5,2,16,8,3,9,4,1,0,0
19/20,29/07/20,Lazio,Brescia,2,0,H,1,0,H,25,8,15,3,11,10,5,6,1,2,0,0
19/20,29/07/20,Sampdoria,Milan,1,4,A,0,1,A,16,18,5,11,5,6,4,6,1,1,0,0
19/20,29/07/20,Sassuolo,Genoa,5,0,H,2,0,H,15,10,9,3,11,6,2,3,1,1,0,0
19/20,29/07/20,Udinese,Lecce,1,2,A,1,1,D,8,10,3,6,12,11,5,5,1,4,0,0
19/20,29/07/20,Verona,Spal,3,0,H,2,0,H,14,12,9,5,15,13,7,1,1,1,0,0
19/20,29/07/20,Cagliari,Juventus,2,0,H,2,0,H,9,20,5,10,13,12,1,9,2,1,0,0
19/20,29/07/20,Fiorentina,Bologna,4,0,H,0,0,D,15,8,9,3,14,11,3,5,2,1,0,0
19/20,29/07/20,Torino,Roma,2,3,A,1,2,A,5,12,5,7,8,18,4,8,2,3,0,0
19/20,01/08/20,Brescia,Sampdoria,1,1,D,0,1,A,11,11,6,5,9,17,5,4,1,4,0,1
19/20,01/08/20,Atalanta,Inter,0,2,A,0,2,A,8,7,3,4,10,12,7,1,2,3,0,0
19/20,01/08/20,Juventus,Roma,1,3,A,1,2,A,9,9,4,7,10,12,6,5,1,4,0,0
19/20,01/08/20,Milan,Cagliari,3,0,H,1,0,H,12,4,7,3,16,7,7,6,1,3,0,0
19/20,01/08/20,Napoli,Lazio,3,1,H,1,1,D,11,8,6,4,10,11,2,2,3,2,0,0
19/20,02/08/20,Spal,Fiorentina,1,3,A,1,1,D,7,20,5,11,6,14,3,10,1,1,0,0
19/20,02/08/20,Bologna,Torino,1,1,D,1,0,H,13,13,5,11,15,17,7,3,3,3,0,0
19/20,02/08/20,Genoa,Verona,3,0,H,3,0,H,4,13,4,3,8,13,4,9,4,0,2,1
19/20,02/08/20,Lecce,Parma,3,4,A,2,2,D,12,18,8,11,3,7,5,4,0,2,0,0
19/20,02/08/20,Sassuolo,Udinese,0,1,A,0,0,D,18,7,14,3,9,11,6,7,1,1,0,0
20/21,19/09/20,Fiorentina,Torino,1,0,H,0,0,D,17,6,8,3,17,20,4,1,3,1,0,0
20/21,19/09/20,Verona,Roma,0,0,D,0,0,D,9,15,7,7,19,20,0,6,2,0,0,0
20/21,20/09/20,Parma,Napoli,0,2,A,0,0,D,4,12,2,7,16,12,4,2,4,1,0,0
20/21,20/09/20,Genoa,Crotone,4,1,H,3,1,H,10,11,8,5,13,14,6,4,4,2,0,0
20/21,20/09/20,Sassuolo,Cagliari,1,1,D,0,0,D,21,8,10,4,9,18,7,3,1,3,0,0
20/21,20/09/20,Juventus,Sampdoria,3,0,H,1,0,H,14,10,9,2,15,9,6,4,1,1,0,0
20/21,21/09/20,Milan,Bologna,2,0,H,1,0,H,14,6,6,5,13,17,7,4,3,5,0,1
20/21,26/09/20,Torino,Atalanta,2,4,A,2,3,A,5,12,5,7,11,12,2,6,1,2,0,0
20/21,26/09/20,Cagliari,Lazio,0,2,A,0,1,A,9,9,3,7,8,13,3,6,1,1,0,0
20/21,26/09/20,Sampdoria,Benevento,2,3,A,2,1,H,5,11,4,6,17,12,6,4,3,1,0,0
20/21,26/09/20,Inter,Fiorentina,4,3,H,1,1,D,12,8,6,4,15,10,5,1,1,1,0,0
20/21,27/09/20,Spezia,Sassuolo,1,4,A,1,1,D,11,10,6,8,13,8,3,5,2,1,0,0
20/21,27/09/20,Napoli,Genoa,6,0,H,1,0,H,18,3,11,1,6,13,4,2,1,2,0,0
20/21,27/09/20,Verona,Udinese,1,0,H,0,0,D,8,14,2,6,13,13,1,9,1,0,0,0
20/21,27/09/20,Crotone,Milan,0,2,A,0,1,A,5,11,1,7,14,15,2,5,1,3,0,0
20/21,27/09/20,Roma,Juventus,2,2,D,2,1,H,7,6,6,3,19,9,5,7,2,3,0,1
20/21,28/09/20,Bologna,Parma,4,1,H,2,0,H,11,8,8,4,12,9,8,9,1,2,0,1
20/21,30/09/20,Benevento,Inter,2,5,A,1,4,A,11,18,7,12,10,15,5,1,1,0,0,0
20/21,30/09/20,Udinese,Spezia,0,2,A,0,1,A,10,4,5,3,13,17,2,2,0,5,0,1
20/21,30/09/20,Lazio,Atalanta,1,4,A,0,3,A,11,8,8,6,16,11,7,3,7,2,0,0
20/21,02/10/20,Fiorentina,Sampdoria,1,2,A,0,1,A,16,14,6,10,11,16,8,4,0,3,0,0
20/21,03/10/20,Sassuolo,Crotone,4,1,H,1,0,H,7,10,4,6,15,15,3,4,2,3,0,0
20/21,03/10/20,Udinese,Roma,0,1,A,0,0,D,9,8,5,3,15,10,4,1,1,0,0,0
20/21,04/10/20,Atalanta,Cagliari,5,2,H,4,1,H,19,7,14,3,11,9,3,9,0,0,0,0
20/21,04/10/20,Benevento,Bologna,1,0,H,0,0,D,6,13,3,7,13,15,4,10,2,1,0,0
20/21,04/10/20,Lazio,Inter,1,1,D,0,1,A,11,10,5,4,14,13,7,8,3,4,1,1
20/21,04/10/20,Parma,Verona,1,0,H,1,0,H,7,8,5,5,11,19,7,6,1,1,0,0
20/21,04/10/20,Milan,Spezia,3,0,H,0,0,D,10,3,5,2,14,19,4,6,1,2,0,0
20/21,17/10/20,Napoli,Atalanta,4,1,H,4,0,H,18,11,14,3,12,23,6,2,1,3,0,0
20/21,17/10/20,Inter,Milan,1,2,A,1,2,A,12,8,6,4,18,11,3,5,3,4,0,0
20/21,17/10/20,Sampdoria,Lazio,3,0,H,2,0,H,11,8,8,1,12,10,3,3,2,2,0,0
20/21,17/10/20,Crotone,Juventus,1,1,D,1,1,D,9,8,3,3,17,14,3,4,3,3,0,1
20/21,18/10/20,Bologna,Sassuolo,3,4,A,2,1,H,11,20,7,12,20,12,7,11,2,2,0,0
20/21,18/10/20,Spezia,Fiorentina,2,2,D,1,2,A,6,7,2,6,15,18,5,5,2,2,0,0
20/21,18/10/20,Torino,Cagliari,2,3,A,1,2,A,10,9,6,7,14,16,2,4,2,3,1,0
20/21,18/10/20,Udinese,Parma,3,2,H,1,1,D,9,7,4,3,12,11,11,2,3,2,0,0
20/21,18/10/20,Roma,Benevento,5,2,H,2,1,H,16,8,10,4,17,7,6,4,3,2,0,0
20/21,19/10/20,Verona,Genoa,0,0,D,0,0,D,18,5,12,2,14,15,14,2,1,4,0,0
20/21,23/10/20,Sassuolo,Torino,3,3,D,0,1,A,13,14,9,12,10,12,6,8,2,2,0,0
20/21,24/10/20,Atalanta,Sampdoria,1,3,A,0,1,A,10,5,5,4,11,18,3,1,3,4,0,0
20/21,24/10/20,Genoa,Inter,0,2,A,0,0,D,1,10,0,6,11,17,1,9,1,1,0,0
20/21,24/10/20,Lazio,Bologna,2,1,H,0,0,D,6,16,4,6,14,15,8,9,3,3,0,0
20/21,25/10/20,Cagliari,Crotone,4,2,H,3,2,H,15,11,8,6,13,13,5,1,2,4,0,1
20/21,25/10/20,Benevento,Napoli,1,2,A,1,0,H,6,14,3,8,18,13,3,15,3,1,0,0
20/21,25/10/20,Parma,Spezia,2,2,D,1,2,A,15,13,7,9,12,22,12,3,3,2,0,0
20/21,25/10/20,Fiorentina,Udinese,3,2,H,2,1,H,4,11,3,6,16,14,2,7,1,3,0,0
20/21,25/10/20,Juventus,Verona,1,1,D,0,0,D,16,5,8,2,14,19,6,3,1,4,0,0
20/21,26/10/20,Milan,Roma,3,3,D,1,1,D,13,11,11,9,15,15,7,7,3,2,0,0
20/21,31/10/20,Crotone,Atalanta,1,2,A,1,2,A,4,16,2,7,11,22,1,3,1,3,0,0
20/21,31/10/20,Inter,Parma,2,2,D,0,0,D,18,4,9,3,13,7,15,2,1,1,0,0
20/21,31/10/20,Bologna,Cagliari,3,2,H,1,1,D,16,6,11,4,12,19,7,3,3,3,0,0
20/21,01/11/20,Udinese,Milan,1,2,A,0,1,A,7,8,3,4,14,12,2,4,2,2,0,0
20/21,01/11/20,Spezia,Juventus,1,4,A,1,1,D,11,8,3,5,14,7,4,3,3,1,0,0
20/21,01/11/20,Torino,Lazio,3,4,A,2,1,H,8,9,6,5,11,12,7,1,2,4,0,0
20/21,01/11/20,Napoli,Sassuolo,0,2,A,0,0,D,18,8,7,5,7,9,12,3,2,2,0,0
20/21,01/11/20,Roma,Fiorentina,2,0,H,1,0,H,11,3,7,1,17,16,7,4,3,2,0,1
20/21,01/11/20,Sampdoria,Genoa,1,1,D,1,1,D,9,7,3,4,19,11,7,4,5,1,0,0
20/21,02/11/20,Verona,Benevento,3,1,H,1,0,H,10,10,7,5,18,14,4,5,5,4,0,1
20/21,04/11/20,Genoa,Torino,1,2,A,0,2,A,9,6,4,1,10,18,5,2,2,4,0,0
20/21,06/11/20,Sassuolo,Udinese,0,0,D,0,0,D,3,0,1,0,17,13,3,6,2,2,0,0
20/21,07/11/20,Cagliari,Sampdoria,2,0,H,0,0,D,13,5,7,1,12,16,2,6,0,2,0,1
20/21,07/11/20,Benevento,Spezia,0,3,A,0,1,A,4,13,3,7,13,18,2,4,3,3,0,0
20/21,07/11/20,Parma,Fiorentina,0,0,D,0,0,D,5,6,0,4,17,17,2,3,1,2,0,0
20/21,08/11/20,Lazio,Juventus,1,1,D,0,1,A,7,9,3,6,12,12,4,2,2,2,0,0
20/21,08/11/20,Atalanta,Inter,1,1,D,0,0,D,9,10,4,3,15,13,2,5,1,3,0,0
20/21,08/11/20,Genoa,Roma,1,3,A,0,1,A,7,18,5,11,10,11,1,8,1,0,0,0
20/21,08/11/20,Torino,Crotone,0,0,D,0,0,D,5,7,1,2,15,16,6,3,3,4,0,1
20/21,08/11/20,Bologna,Napoli,0,1,A,0,1,A,6,8,4,4,12,11,4,7,3,0,0,0
20/21,08/11/20,Milan,Verona,2,2,D,1,2,A,21,5,9,3,16,20,14,1,1,3,0,0
20/21,21/11/20,Crotone,Lazio,0,2,A,0,1,A,12,13,6,9,11,11,2,6,3,4,0,0
20/21,21/11/20,Spezia,Atalanta,0,0,D,0,0,D,6,9,3,5,19,18,1,2,3,3,0,0
20/21,21/11/20,Juventus,Cagliari,2,0,H,2,0,H,13,2,8,0,11,7,9,1,3,2,0,0
20/21,22/11/20,Fiorentina,Benevento,0,1,A,0,0,D,5,10,3,4,14,16,4,4,2,3,0,0
20/21,22/11/20,Inter,Torino,4,2,H,0,1,A,9,11,7,6,20,14,1,1,3,2,0,0
20/21,22/11/20,Roma,Parma,3,0,H,3,0,H,12,1,7,1,5,4,4,1,0,0,0,0
20/21,22/11/20,Sampdoria,Bologna,1,2,A,1,1,D,8,7,4,5,10,9,9,10,2,2,0,0
20/21,22/11/20,Verona,Sassuolo,0,2,A,0,1,A,13,10,7,5,13,20,6,1,1,3,0,0
20/21,22/11/20,Udinese,Genoa,1,0,H,1,0,H,7,5,4,1,17,15,4,8,2,3,0,1
20/21,22/11/20,Napoli,Milan,1,3,A,0,1,A,16,11,9,7,8,16,8,5,3,4,1,0
20/21,28/11/20,Sassuolo,Inter,0,3,A,0,2,A,7,9,3,4,13,16,6,2,3,1,0,0
20/21,28/11/20,Benevento,Juventus,1,1,D,1,1,D,8,11,5,5,13,13,5,8,6,1,0,1
20/21,28/11/20,Atalanta,Verona,0,2,A,0,0,D,15,7,6,3,12,15,4,1,2,3,0,0
20/21,29/11/20,Lazio,Udinese,1,3,A,0,2,A,8,6,6,4,16,10,4,4,3,4,0,0
20/21,29/11/20,Bologna,Crotone,1,0,H,1,0,H,11,5,7,1,15,18,10,3,2,4,0,0
20/21,29/11/20,Milan,Fiorentina,2,0,H,2,0,H,11,5,5,3,15,15,3,6,2,4,0,0
20/21,29/11/20,Cagliari,Spezia,2,2,D,0,1,A,9,12,4,5,16,18,4,5,0,4,0,0
20/21,29/11/20,Napoli,Roma,4,0,H,1,0,H,13,4,9,1,3,10,11,4,1,2,0,0
20/21,30/11/20,Torino,Sampdoria,2,2,D,1,0,H,11,7,8,2,17,17,6,2,1,2,0,0
20/21,30/11/20,Genoa,Parma,1,2,A,0,1,A,12,7,5,3,12,16,2,2,2,2,0,0
20/21,05/12/20,Spezia,Lazio,1,2,A,0,2,A,11,3,6,2,15,12,7,0,3,1,0,0
20/21,05/12/20,Juventus,Torino,2,1,H,0,1,A,9,5,5,2,17,10,13,1,3,3,1,0
20/21,05/12/20,Inter,Bologna,3,1,H,2,0,H,11,9,9,7,12,13,7,3,1,2,0,0
20/21,06/12/20,Verona,Cagliari,1,1,D,1,0,H,12,9,6,5,11,14,7,5,2,0,0,0
20/21,06/12/20,Parma,Benevento,0,0,D,0,0,D,6,6,0,4,13,12,6,3,4,4,0,0
20/21,06/12/20,Roma,Sassuolo,0,0,D,0,0,D,14,7,5,2,10,12,12,5,5,3,1,0
20/21,06/12/20,Crotone,Napoli,0,4,A,0,1,A,4,11,1,6,14,9,4,1,3,3,1,0
20/21,06/12/20,Sampdoria,Milan,1,2,A,0,1,A,6,9,3,6,11,16,9,6,2,1,0,0
20/21,07/12/20,Fiorentina,Genoa,1,1,D,0,0,D,16,3,8,3,7,20,5,1,2,2,0,0
20/21,11/12/20,Sassuolo,Benevento,1,0,H,1,0,H,4,17,2,7,12,14,1,10,2,4,1,0
20/21,12/12/20,Crotone,Spezia,4,1,H,1,1,D,7,9,7,5,16,14,1,4,3,3,0,0
20/21,12/12/20,Torino,Udinese,2,3,A,0,1,A,6,5,5,3,9,17,2,2,3,3,0,0
20/21,12/12/20,Lazio,Verona,1,2,A,0,1,A,8,3,5,3,13,15,5,3,5,3,0,0
20/21,13/12/20,Cagliari,Inter,1,3,A,1,0,H,7,20,2,11,10,17,3,9,2,1,0,0
20/21,13/12/20,Atalanta,Fiorentina,3,0,H,1,0,H,14,3,10,2,17,13,11,2,1,2,0,0
20/21,13/12/20,Bologna,Roma,1,5,A,1,5,A,4,13,1,8,16,9,1,5,4,2,0,0
20/21,13/12/20,Napoli,Sampdoria,2,1,H,0,1,A,13,4,8,3,7,13,7,5,3,4,0,0
20/21,13/12/20,Genoa,Juventus,1,3,A,0,0,D,2,15,2,9,13,14,0,10,3,3,0,0
20/21,13/12/20,Milan,Parma,2,2,D,0,1,A,16,5,10,3,12,14,13,1,3,3,0,0
20/21,15/12/20,Udinese,Crotone,0,0,D,0,0,D,8,4,6,2,13,17,9,1,1,4,0,0
20/21,15/12/20,Benevento,Lazio,1,1,D,1,1,D,7,8,6,3,15,15,4,8,2,2,1,0
20/21,16/12/20,Juventus,Atalanta,1,1,D,1,0,H,11,11,7,6,13,18,2,6,3,2,0,0
20/21,16/12/20,Fiorentina,Sassuolo,1,1,D,1,1,D,12,12,7,7,19,11,4,1,4,4,0,0
20/21,16/12/20,Genoa,Milan,2,2,D,0,0,D,6,8,4,4,17,13,4,10,2,3,0,0
20/21,16/12/20,Inter,Napoli,1,0,H,0,0,D,3,9,2,5,16,9,4,3,5,3,0,1
20/21,16/12/20,Parma,Cagliari,0,0,D,0,0,D,10,5,3,4,13,11,8,5,1,1,0,0
20/21,16/12/20,Spezia,Bologna,2,2,D,1,0,H,7,9,5,6,19,11,3,4,6,1,0,0
20/21,16/12/20,Verona,Sampdoria,1,2,A,0,1,A,6,6,6,3,20,17,6,3,2,4,1,0
20/21,17/12/20,Roma,Torino,3,1,H,2,0,H,10,12,8,8,21,16,4,2,4,3,0,1
20/21,19/12/20,Fiorentina,Verona,1,1,D,1,1,D,5,5,1,3,10,16,4,1,2,2,0,0
20/21,19/12/20,Sampdoria,Crotone,3,1,H,2,1,H,6,5,4,3,14,15,3,1,2,2,0,0
20/21,19/12/20,Parma,Juventus,0,4,A,0,2,A,9,12,5,7,8,10,4,9,0,1,0,0
20/21,20/12/20,Torino,Bologna,1,1,D,0,0,D,13,14,5,9,16,17,4,8,1,3,0,0
20/21,20/12/20,Benevento,Genoa,2,0,H,0,0,D,10,6,3,2,9,22,6,5,1,3,0,0
20/21,20/12/20,Cagliari,Udinese,1,1,D,1,0,H,7,11,3,5,13,13,5,7,2,1,0,0
20/21,20/12/20,Inter,Spezia,2,1,H,0,0,D,10,7,4,1,10,9,3,2,1,2,0,0
20/21,20/12/20,Sassuolo,Milan,1,2,A,0,2,A,16,11,5,5,11,12,6,4,1,3,0,0
20/21,20/12/20,Atalanta,Roma,4,1,H,0,1,A,9,5,8,4,15,14,2,2,2,3,0,0
20/21,20/12/20,Lazio,Napoli,2,0,H,1,0,H,9,7,2,6,12,8,4,9,4,3,0,0
20/21,22/12/20,Crotone,Parma,2,1,H,2,0,H,10,14,6,7,16,22,3,6,4,6,0,0
20/21,22/12/20,Juventus,Fiorentina,0,3,A,0,1,A,10,9,3,6,9,18,5,5,1,4,1,0
20/21,23/12/20,Verona,Inter,1,2,A,0,0,D,5,9,2,5,15,19,2,8,4,2,0,0
20/21,23/12/20,Bologna,Atalanta,2,2,D,0,2,A,8,9,5,6,11,14,1,5,2,2,0,0
20/21,23/12/20,Milan,Lazio,3,2,H,2,1,H,9,13,5,9,9,14,4,6,2,4,0,0
20/21,23/12/20,Napoli,Torino,1,1,D,0,0,D,12,4,6,3,19,16,4,3,3,3,0,0
20/21,23/12/20,Roma,Cagliari,3,2,H,1,0,H,13,6,9,3,18,17,6,0,3,2,0,0
20/21,23/12/20,Sampdoria,Sassuolo,2,3,A,0,1,A,14,10,6,8,10,12,14,6,2,4,1,0
20/21,23/12/20,Spezia,Genoa,1,2,A,1,1,D,7,7,5,6,18,19,4,2,3,4,0,0
20/21,23/12/20,Udinese,Benevento,0,2,A,0,1,A,7,3,2,2,17,9,7,1,1,2,0,0
20/21,03/01/21,Inter,Crotone,6,2,H,2,2,D,13,7,8,4,9,7,3,3,0,3,0,0
20/21,03/01/21,Atalanta,Sassuolo,5,1,H,2,0,H,20,7,8,4,13,9,8,3,3,1,0,0
20/21,03/01/21,Cagliari,Napoli,1,4,A,0,1,A,6,22,1,12,11,6,3,8,4,1,1,0
20/21,03/01/21,Fiorentina,Bologna,0,0,D,0,0,D,10,5,1,4,8,11,8,5,4,3,0,0
20/21,03/01/21,Genoa,Lazio,1,1,D,0,1,A,5,10,3,4,10,19,4,9,2,4,0,0
20/21,03/01/21,Parma,Torino,0,3,A,0,1,A,15,14,6,8,20,16,9,3,2,2,0,0
20/21,03/01/21,Roma,Sampdoria,1,0,H,0,0,D,12,2,8,2,17,14,8,2,3,5,0,0
20/21,03/01/21,Spezia,Verona,0,1,A,0,0,D,6,9,1,4,22,10,3,5,6,0,1,0
20/21,03/01/21,Benevento,Milan,0,2,A,0,1,A,14,8,7,5,9,14,12,4,1,3,0,1
20/21,03/01/21,Juventus,Udinese,4,1,H,1,0,H,13,8,10,7,14,8,7,1,3,0,0,0
20/21,06/01/21,Cagliari,Benevento,1,2,A,1,2,A,10,9,5,3,18,12,7,6,4,3,1,0
20/21,06/01/21,Atalanta,Parma,3,0,H,1,0,H,17,3,6,1,10,6,12,3,1,1,0,0
20/21,06/01/21,Bologna,Udinese,2,2,D,2,1,H,10,12,7,9,16,13,4,6,4,3,1,0
20/21,06/01/21,Crotone,Roma,1,3,A,0,3,A,12,10,5,5,15,16,3,4,2,3,0,0
20/21,06/01/21,Lazio,Fiorentina,2,1,H,1,0,H,11,9,6,8,11,11,2,9,3,1,0,0
20/21,06/01/21,Sampdoria,Inter,2,1,H,2,0,H,8,23,6,11,13,18,4,10,3,4,0,0
20/21,06/01/21,Sassuolo,Genoa,2,1,H,0,0,D,13,7,6,3,14,10,8,2,3,3,0,0
20/21,06/01/21,Torino,Verona,1,1,D,0,0,D,15,8,5,2,12,18,9,3,1,3,0,0
20/21,06/01/21,Napoli,Spezia,1,2,A,0,0,D,27,8,11,4,9,16,10,2,2,5,0,1
20/21,06/01/21,Milan,Juventus,1,3,A,1,1,D,18,13,7,10,17,12,7,4,1,2,0,0
20/21,09/01/21,Benevento,Atalanta,1,4,A,0,1,A,4,26,2,15,13,21,1,11,3,2,0,0
20/21,09/01/21,Genoa,Bologna,2,0,H,1,0,H,9,12,7,4,11,9,1,4,2,0,0,0
20/21,09/01/21,Milan,Torino,2,0,H,2,0,H,8,8,4,4,22,15,7,5,6,2,0,0
20/21,10/01/21,Roma,Inter,2,2,D,1,0,H,14,16,8,6,18,11,3,7,3,3,0,0
20/21,10/01/21,Parma,Lazio,0,2,A,0,0,D,9,21,3,5,11,6,5,6,4,1,0,0
20/21,10/01/21,Udinese,Napoli,1,2,A,1,1,D,17,15,8,6,19,6,2,7,3,1,0,0
20/21,10/01/21,Verona,Crotone,2,1,H,2,0,H,11,7,7,3,16,16,6,4,3,3,0,0
20/21,10/01/21,Fiorentina,Cagliari,1,0,H,0,0,D,12,9,5,3,15,14,9,5,1,3,0,0
20/21,10/01/21,Juventus,Sassuolo,3,1,H,0,0,D,20,10,10,2,11,4,6,3,4,1,0,1
20/21,11/01/21,Spezia,Sampdoria,2,1,H,1,1,D,8,6,4,4,17,15,4,2,4,3,0,0
20/21,15/01/21,Lazio,Roma,3,0,H,2,0,H,9,5,9,2,12,19,1,7,5,4,0,0
20/21,16/01/21,Bologna,Verona,1,0,H,1,0,H,18,8,6,1,15,10,7,3,2,1,0,0
20/21,16/01/21,Torino,Spezia,0,0,D,0,0,D,8,6,2,3,12,14,6,2,3,3,0,1
20/21,16/01/21,Sampdoria,Udinese,2,1,H,0,0,D,15,14,8,7,8,11,11,5,1,1,0,0
20/21,17/01/21,Napoli,Fiorentina,6,0,H,4,0,H,10,10,7,3,11,15,1,4,1,0,0,0
20/21,17/01/21,Crotone,Benevento,4,1,H,2,0,H,6,14,3,6,14,14,4,13,1,3,0,1
20/21,17/01/21,Sassuolo,Parma,1,1,D,0,1,A,15,11,6,2,18,11,5,2,3,2,0,0
20/21,17/01/21,Atalanta,Genoa,0,0,D,0,0,D,15,6,4,3,15,13,9,1,1,2,0,0
20/21,17/01/21,Inter,Juventus,2,0,H,1,0,H,16,8,6,4,8,14,3,4,2,2,0,0
20/21,18/01/21,Cagliari,Milan,0,2,A,0,1,A,17,9,2,8,9,13,7,4,2,3,0,1
20/21,20/01/21,Udinese,Atalanta,1,1,D,1,1,D,6,18,1,8,20,26,2,7,3,2,0,0
20/21,22/01/21,Benevento,Torino,2,2,D,1,0,H,10,14,3,6,18,22,6,4,1,3,0,0
20/21,23/01/21,Roma,Spezia,4,3,H,1,1,D,13,5,8,3,12,13,3,1,3,1,0,0
20/21,23/01/21,Milan,Atalanta,0,3,A,0,1,A,10,19,3,10,11,14,5,7,2,1,0,0
20/21,23/01/21,Udinese,Inter,0,0,D,0,0,D,6,10,1,4,11,16,3,4,3,2,0,0
20/21,23/01/21,Fiorentina,Crotone,2,1,H,2,0,H,12,7,6,3,11,17,5,3,2,2,0,0
20/21,24/01/21,Juventus,Bologna,2,0,H,1,0,H,22,12,12,3,11,17,7,6,3,2,0,0
20/21,24/01/21,Genoa,Cagliari,1,0,H,1,0,H,8,13,6,7,11,6,4,7,1,2,0,0
20/21,24/01/21,Verona,Napoli,3,1,H,1,1,D,15,12,7,4,13,8,3,3,2,3,0,0
20/21,24/01/21,Lazio,Sassuolo,2,1,H,1,1,D,18,5,8,1,16,15,9,6,2,3,0,0
20/21,24/01/21,Parma,Sampdoria,0,2,A,0,2,A,11,11,7,4,14,14,5,5,1,1,0,0
20/21,29/01/21,Torino,Fiorentina,1,1,D,0,0,D,15,9,6,3,20,15,7,2,2,2,0,2
20/21,30/01/21,Bologna,Milan,1,2,A,0,1,A,10,17,5,13,13,12,6,4,2,1,0,0
20/21,30/01/21,Sampdoria,Juventus,0,2,A,0,1,A,6,10,2,4,11,10,5,7,4,2,0,0
20/21,30/01/21,Inter,Benevento,4,0,H,1,0,H,13,0,8,0,9,14,7,3,0,2,0,0
20/21,31/01/21,Spezia,Udinese,0,1,A,0,0,D,9,6,5,4,18,19,2,2,6,4,1,1
20/21,31/01/21,Atalanta,Lazio,1,3,A,0,1,A,8,15,4,7,12,20,2,2,0,2,0,0
20/21,31/01/21,Cagliari,Sassuolo,1,1,D,0,0,D,9,14,6,5,10,11,3,14,2,3,0,0
20/21,31/01/21,Crotone,Genoa,0,3,A,0,2,A,9,10,4,6,15,22,3,11,3,1,0,0
20/21,31/01/21,Napoli,Parma,2,0,H,1,0,H,10,4,6,1,15,16,7,6,2,4,0,0
20/21,31/01/21,Roma,Verona,3,1,H,3,0,H,15,6,6,2,15,11,4,5,2,1,0,0
20/21,05/02/21,Fiorentina,Inter,0,2,A,0,1,A,15,14,3,7,9,10,7,7,3,1,0,0
20/21,06/02/21,Atalanta,Torino,3,3,D,3,2,H,9,19,4,11,24,17,4,3,3,2,0,0
20/21,06/02/21,Sassuolo,Spezia,1,2,A,1,1,D,8,13,4,7,20,15,5,5,2,3,0,0
20/21,06/02/21,Juventus,Roma,2,0,H,1,0,H,3,14,3,3,9,13,2,9,2,2,0,0
20/21,06/02/21,Genoa,Napoli,2,1,H,2,0,H,4,24,2,11,13,11,1,6,2,3,0,0
20/21,07/02/21,Benevento,Sampdoria,1,1,D,0,0,D,9,10,3,5,17,14,2,10,4,2,0,0
20/21,07/02/21,Milan,Crotone,4,0,H,1,0,H,21,9,12,2,17,9,8,6,3,1,0,0
20/21,07/02/21,Udinese,Verona,2,0,H,0,0,D,14,5,8,1,9,15,10,8,2,4,0,0
20/21,07/02/21,Parma,Bologna,0,3,A,0,2,A,16,15,8,7,13,13,5,1,2,1,0,0
20/21,07/02/21,Lazio,Cagliari,1,0,H,0,0,D,14,7,6,3,16,14,12,2,2,2,0,0
20/21,12/02/21,Bologna,Benevento,1,1,D,1,0,H,11,13,3,8,17,10,8,3,3,2,0,0
20/21,13/02/21,Torino,Genoa,0,0,D,0,0,D,10,6,2,3,13,15,3,5,2,4,0,0
20/21,13/02/21,Napoli,Juventus,1,0,H,1,0,H,10,22,3,6,9,18,3,9,2,3,0,0
20/21,13/02/21,Spezia,Milan,2,0,H,0,0,D,15,7,5,0,18,14,5,2,3,1,0,0
20/21,14/02/21,Roma,Udinese,3,0,H,2,0,H,12,6,8,1,17,7,7,2,2,0,0,0
20/21,14/02/21,Cagliari,Atalanta,0,1,A,0,0,D,4,10,1,5,17,14,6,6,3,3,0,0
20/21,14/02/21,Sampdoria,Fiorentina,2,1,H,1,1,D,7,15,3,7,14,11,6,7,1,3,0,0
20/21,14/02/21,Crotone,Sassuolo,1,2,A,1,1,D,9,21,6,4,15,17,7,8,1,1,0,0
20/21,14/02/21,Inter,Lazio,3,1,H,2,0,H,11,12,7,7,7,4,4,0,2,1,0,0
20/21,15/02/21,Verona,Parma,2,1,H,1,1,D,11,13,5,4,16,15,4,4,4,2,0,0
20/21,19/02/21,Fiorentina,Spezia,3,0,H,0,0,D,10,11,5,3,20,11,0,6,4,0,0,0
20/21,19/02/21,Cagliari,Torino,0,1,A,0,0,D,18,10,3,6,20,19,8,3,3,2,0,0
20/21,20/02/21,Lazio,Sampdoria,1,0,H,1,0,H,11,11,8,2,14,17,4,5,4,3,0,0
20/21,20/02/21,Genoa,Verona,2,2,D,0,1,A,12,9,4,4,11,17,5,1,1,1,0,0
20/21,20/02/21,Sassuolo,Bologna,1,1,D,0,1,A,32,4,11,2,14,8,10,6,1,0,0,1
20/21,21/02/21,Parma,Udinese,2,2,D,2,0,H,15,12,6,3,18,15,3,2,7,4,0,0
20/21,21/02/21,Milan,Inter,0,3,A,0,1,A,16,16,10,8,9,10,7,7,2,1,0,0
20/21,21/02/21,Atalanta,Napoli,4,2,H,0,0,D,15,5,7,4,20,11,6,2,2,1,0,0
20/21,21/02/21,Benevento,Roma,0,0,D,0,0,D,6,14,3,8,11,18,1,9,4,1,1,0
20/21,22/02/21,Juventus,Crotone,3,0,H,2,0,H,26,16,9,3,18,9,7,3,3,1,0,0
20/21,27/02/21,Spezia,Parma,2,2,D,0,2,A,13,10,7,5,18,19,8,2,3,4,0,0
20/21,27/02/21,Bologna,Lazio,2,0,H,1,0,H,14,19,8,7,9,18,4,7,1,2,0,0
20/21,27/02/21,Verona,Juventus,1,1,D,0,0,D,13,15,6,6,18,14,8,5,2,2,0,0
20/21,28/02/21,Sampdoria,Atalanta,0,2,A,0,1,A,7,20,3,11,7,17,5,6,1,3,0,0
20/21,28/02/21,Crotone,Cagliari,0,2,A,0,0,D,11,9,4,4,17,14,7,4,2,4,0,1
20/21,28/02/21,Inter,Genoa,3,0,H,1,0,H,23,3,14,2,12,8,9,1,0,2,0,0
20/21,28/02/21,Udinese,Fiorentina,1,0,H,0,0,D,9,8,3,2,12,20,3,9,1,2,0,0
20/21,28/02/21,Napoli,Benevento,2,0,H,1,0,H,20,4,8,4,13,15,8,2,3,2,1,0
20/21,28/02/21,Roma,Milan,1,2,A,0,1,A,17,20,10,14,14,9,5,8,3,3,0,0
20/21,02/03/21,Juventus,Spezia,3,0,H,0,0,D,20,10,9,2,14,13,5,10,2,0,0,0
20/21,03/03/21,Sassuolo,Napoli,3,3,D,2,1,H,15,15,8,8,16,13,6,4,2,2,0,0
20/21,03/03/21,Atalanta,Crotone,5,1,H,1,1,D,21,4,11,2,7,13,4,3,0,2,0,0
20/21,03/03/21,Benevento,Verona,0,3,A,0,2,A,7,11,2,6,8,20,2,7,0,1,0,0
20/21,03/03/21,Cagliari,Bologna,1,0,H,1,0,H,8,11,5,6,15,18,10,4,2,2,0,0
20/21,03/03/21,Fiorentina,Roma,1,2,A,0,0,D,6,12,2,6,10,15,2,3,1,2,0,0
20/21,03/03/21,Genoa,Sampdoria,1,1,D,0,0,D,8,10,2,6,16,16,2,4,1,0,0,0
20/21,03/03/21,Milan,Udinese,1,1,D,0,0,D,11,6,7,2,21,11,7,2,4,1,0,0
20/21,04/03/21,Parma,Inter,1,2,A,0,0,D,11,12,3,8,8,12,2,2,0,1,0,0
20/21,06/03/21,Spezia,Benevento,1,1,D,0,1,A,14,5,7,2,13,17,3,1,2,4,0,0
20/21,06/03/21,Udinese,Sassuolo,2,0,H,1,0,H,12,8,8,2,10,11,5,6,1,0,0,0
20/21,06/03/21,Juventus,Lazio,3,1,H,1,1,D,8,13,5,5,10,13,4,4,0,1,0,0
20/21,07/03/21,Roma,Genoa,1,0,H,1,0,H,18,7,4,2,15,15,7,1,1,4,0,0
20/21,07/03/21,Crotone,Torino,4,2,H,1,1,D,19,17,10,6,19,22,8,8,4,2,0,1
20/21,07/03/21,Fiorentina,Parma,3,3,D,2,1,H,6,11,5,6,19,16,3,3,0,3,0,0
20/21,07/03/21,Verona,Milan,0,2,A,0,1,A,8,12,1,4,14,12,8,1,2,0,0,0
20/21,07/03/21,Sampdoria,Cagliari,2,2,D,0,1,A,11,10,5,5,15,13,3,5,4,3,0,0
20/21,07/03/21,Napoli,Bologna,3,1,H,1,0,H,15,17,8,7,12,13,6,3,2,0,0,0
20/21,08/03/21,Inter,Atalanta,1,0,H,0,0,D,5,10,1,3,11,17,7,7,0,1,0,0
20/21,12/03/21,Lazio,Crotone,3,2,H,2,1,H,23,6,9,3,10,11,5,1,0,3,0,0
20/21,12/03/21,Atalanta,Spezia,3,1,H,0,0,D,14,6,9,3,17,6,3,5,2,0,0,0
20/21,13/03/21,Sassuolo,Verona,3,2,H,1,1,D,14,12,8,7,15,18,6,5,3,2,0,0
20/21,13/03/21,Benevento,Fiorentina,1,4,A,0,3,A,16,11,6,7,15,18,8,3,3,1,0,0
20/21,13/03/21,Genoa,Udinese,1,1,D,1,1,D,10,9,3,3,14,6,6,3,3,1,0,0
20/21,14/03/21,Bologna,Sampdoria,3,1,H,2,1,H,10,20,7,9,16,11,2,6,2,2,0,0
20/21,14/03/21,Parma,Roma,2,0,H,1,0,H,5,20,4,6,18,16,0,12,3,3,0,0
20/21,14/03/21,Torino,Inter,1,2,A,0,0,D,6,13,4,4,11,12,1,8,0,1,0,0
20/21,14/03/21,Cagliari,Juventus,1,3,A,0,3,A,15,9,7,7,12,16,8,5,0,2,0,0
20/21,14/03/21,Milan,Napoli,0,1,A,0,0,D,12,14,4,5,12,10,5,4,1,3,1,0
20/21,17/03/21,Torino,Sassuolo,3,2,H,0,2,A,23,12,15,5,10,16,6,3,1,2,0,0
20/21,19/03/21,Parma,Genoa,1,2,A,1,0,H,12,7,9,3,22,8,1,3,5,2,0,0
20/21,20/03/21,Crotone,Bologna,2,3,A,2,0,H,15,19,7,10,11,16,10,3,4,7,0,0
20/21,20/03/21,Spezia,Cagliari,2,1,H,0,0,D,12,11,6,7,13,16,4,4,1,2,0,0
20/21,21/03/21,Verona,Atalanta,0,2,A,0,2,A,3,14,1,8,23,20,4,7,3,2,0,0
20/21,21/03/21,Juventus,Benevento,0,1,A,0,0,D,23,7,9,1,12,13,9,1,2,4,0,0
20/21,21/03/21,Sampdoria,Torino,1,0,H,1,0,H,7,9,5,1,15,18,1,7,0,1,0,0
20/21,21/03/21,Udinese,Lazio,0,1,A,0,1,A,14,16,6,8,9,13,6,11,1,3,0,0
20/21,21/03/21,Fiorentina,Milan,2,3,A,1,1,D,9,14,4,6,6,11,8,8,1,3,0,0
20/21,21/03/21,Roma,Napoli,0,2,A,0,2,A,7,10,5,5,18,13,6,4,5,3,0,0
20/21,03/04/21,Milan,Sampdoria,1,1,D,0,0,D,14,5,5,4,15,16,5,5,2,5,0,1
20/21,03/04/21,Atalanta,Udinese,3,2,H,2,1,H,22,8,11,4,15,9,4,1,0,2,0,0
20/21,03/04/21,Benevento,Parma,2,2,D,1,0,H,4,15,4,7,21,18,3,3,2,1,0,0
20/21,03/04/21,Cagliari,Verona,0,2,A,0,0,D,15,9,4,5,17,18,6,5,1,3,0,0
20/21,03/04/21,Genoa,Fiorentina,1,1,D,1,1,D,8,11,2,3,17,10,4,2,2,1,0,1
20/21,03/04/21,Lazio,Spezia,2,1,H,0,0,D,11,7,5,3,18,21,3,4,3,3,2,0
20/21,03/04/21,Napoli,Crotone,4,3,H,3,1,H,28,8,11,4,5,17,4,6,0,4,0,0
20/21,03/04/21,Sassuolo,Roma,2,2,D,0,1,A,12,12,6,9,15,15,3,4,4,3,0,0
20/21,03/04/21,Torino,Juventus,2,2,D,1,1,D,10,18,7,9,16,15,5,6,3,2,0,0
20/21,03/04/21,Bologna,Inter,0,1,A,0,1,A,12,12,3,5,17,15,4,4,4,4,0,0
20/21,07/04/21,Inter,Sassuolo,2,1,H,1,0,H,8,14,5,5,8,13,1,8,2,3,0,0
20/21,07/04/21,Juventus,Napoli,2,1,H,1,0,H,12,15,3,5,17,12,2,6,1,2,0,0
20/21,10/04/21,Spezia,Crotone,3,2,H,0,1,A,9,9,7,6,12,15,3,4,1,1,0,0
20/21,10/04/21,Parma,Milan,1,3,A,0,2,A,15,11,5,7,14,11,7,3,4,4,0,1
20/21,10/04/21,Udinese,Torino,0,1,A,0,0,D,12,9,5,2,21,19,5,4,0,3,0,0
20/21,11/04/21,Inter,Cagliari,1,0,H,0,0,D,15,8,8,2,10,12,5,0,1,1,0,0
20/21,11/04/21,Juventus,Genoa,3,1,H,2,0,H,23,11,14,3,15,11,8,6,3,3,0,0
20/21,11/04/21,Sampdoria,Napoli,0,2,A,0,1,A,11,20,5,9,14,10,8,7,0,3,0,0
20/21,11/04/21,Verona,Lazio,0,1,A,0,0,D,4,14,1,5,15,13,5,4,0,2,0,0
20/21,11/04/21,Roma,Bologna,1,0,H,1,0,H,14,11,7,5,14,14,4,6,3,2,0,0
20/21,11/04/21,Fiorentina,Atalanta,2,3,A,0,2,A,8,14,2,9,15,13,0,6,3,1,0,0
20/21,12/04/21,Benevento,Sassuolo,0,1,A,0,1,A,9,14,5,4,12,14,3,8,3,2,0,0
20/21,17/04/21,Crotone,Udinese,1,2,A,0,1,A,7,14,3,7,12,19,5,7,0,2,0,1
20/21,17/04/21,Sampdoria,Verona,3,1,H,0,1,A,12,18,5,8,16,14,5,7,3,3,0,0
20/21,17/04/21,Sassuolo,Fiorentina,3,1,H,0,1,A,11,7,6,6,8,16,3,4,3,5,0,0
20/21,17/04/21,Cagliari,Parma,4,3,H,1,2,A,23,11,9,6,14,12,0,4,4,2,0,0
20/21,18/04/21,Milan,Genoa,2,1,H,1,1,D,18,11,5,6,10,13,5,4,0,1,0,0
20/21,18/04/21,Atalanta,Juventus,1,0,H,0,0,D,12,12,2,3,18,15,3,8,3,2,0,0
20/21,18/04/21,Bologna,Spezia,4,1,H,2,1,H,10,9,7,5,15,12,4,8,1,1,0,0
20/21,18/04/21,Lazio,Benevento,5,3,H,3,1,H,12,16,8,8,14,11,5,4,2,3,0,0
20/21,18/04/21,Torino,Roma,3,1,H,0,1,A,23,9,11,4,13,13,11,3,2,2,0,1
20/21,18/04/21,Napoli,Inter,1,1,D,1,0,H,12,10,3,5,12,12,3,3,5,2,0,0
20/21,20/04/21,Verona,Fiorentina,1,2,A,0,1,A,11,7,7,5,16,20,5,3,2,3,0,0
20/21,21/04/21,Milan,Sassuolo,1,2,A,1,0,H,18,15,7,7,18,13,3,7,0,1,0,0
20/21,21/04/21,Bologna,Torino,1,1,D,1,0,H,9,18,2,5,25,15,3,7,4,2,0,0
20/21,21/04/21,Crotone,Sampdoria,0,1,A,0,0,D,7,11,4,5,13,7,2,6,1,1,0,0
20/21,21/04/21,Genoa,Benevento,2,2,D,2,2,D,10,8,5,2,14,18,3,0,2,0,0,0
20/21,21/04/21,Juventus,Parma,3,1,H,1,1,D,14,10,8,4,12,18,6,6,2,2,0,0
20/21,21/04/21,Spezia,Inter,1,1,D,1,1,D,1,15,1,6,9,7,0,8,2,0,0,0
20/21,21/04/21,Udinese,Cagliari,0,1,A,0,0,D,14,13,4,5,11,14,2,5,0,2,0,0
20/21,22/04/21,Roma,Atalanta,1,1,D,0,1,A,14,22,3,9,16,7,4,8,4,2,1,1
20/21,22/04/21,Napoli,Lazio,5,2,H,2,0,H,10,14,8,4,7,18,2,3,4,4,0,0
20/21,24/04/21,Genoa,Spezia,2,0,H,0,0,D,11,7,6,1,18,14,0,3,2,2,0,0
20/21,24/04/21,Parma,Crotone,3,4,A,1,3,A,15,13,4,5,15,11,7,5,3,2,0,0
20/21,24/04/21,Sassuolo,Sampdoria,1,0,H,0,0,D,14,9,8,3,15,10,8,3,0,0,0,0
20/21,25/04/21,Benevento,Udinese,2,4,A,1,2,A,22,10,9,7,18,20,11,2,2,2,0,0
20/21,25/04/21,Fiorentina,Juventus,1,1,D,1,0,H,11,7,6,1,13,16,7,2,3,1,0,0
20/21,25/04/21,Inter,Verona,1,0,H,0,0,D,10,12,4,1,7,13,3,8,0,3,0,0
20/21,25/04/21,Cagliari,Roma,3,2,H,1,1,D,10,12,6,7,14,17,4,10,3,1,0,0
20/21,25/04/21,Atalanta,Bologna,5,0,H,2,0,H,26,9,12,3,11,8,8,3,0,1,0,1
20/21,26/04/21,Torino,Napoli,0,2,A,0,2,A,15,25,6,10,16,15,8,11,3,1,1,0
20/21,26/04/21,Lazio,Milan,3,0,H,1,0,H,14,15,6,6,10,11,1,9,2,0,0,0
20/21,01/05/21,Verona,Spezia,1,1,D,0,0,D,7,12,6,2,27,16,5,5,6,2,0,0
20/21,01/05/21,Crotone,Inter,0,2,A,0,0,D,6,23,1,10,10,9,4,11,1,2,0,0
20/21,01/05/21,Milan,Benevento,2,0,H,1,0,H,20,14,11,2,16,8,6,7,2,0,0,0
20/21,02/05/21,Lazio,Genoa,4,3,H,2,0,H,18,10,12,5,13,12,7,4,3,4,0,0
20/21,02/05/21,Bologna,Fiorentina,3,3,D,1,1,D,11,9,6,4,16,12,3,5,2,2,0,0
20/21,02/05/21,Napoli,Cagliari,1,1,D,1,0,H,18,12,6,7,8,14,3,1,1,3,0,0
20/21,02/05/21,Sassuolo,Atalanta,1,1,D,0,1,A,12,10,7,9,18,12,4,4,6,1,1,1
20/21,02/05/21,Udinese,Juventus,1,2,A,1,0,H,7,13,2,4,14,18,2,6,3,0,0,0
20/21,02/05/21,Sampdoria,Roma,2,0,H,1,0,H,12,10,9,5,14,13,8,8,0,3,0,0
20/21,03/05/21,Torino,Parma,1,0,H,0,0,D,13,8,5,1,10,17,5,2,0,3,0,0
20/21,08/05/21,Spezia,Napoli,1,4,A,0,3,A,6,13,3,7,15,18,1,2,3,2,0,0
20/21,08/05/21,Udinese,Bologna,1,1,D,1,0,H,9,16,5,4,12,18,5,10,1,1,0,0
20/21,08/05/21,Inter,Sampdoria,5,1,H,3,1,H,12,13,7,4,10,14,2,8,0,2,0,0
20/21,08/05/21,Fiorentina,Lazio,2,0,H,1,0,H,9,8,5,3,12,14,5,7,4,8,0,1
20/21,09/05/21,Genoa,Sassuolo,1,2,A,0,1,A,13,13,5,7,17,15,8,2,2,0,0,0
20/21,09/05/21,Benevento,Cagliari,1,3,A,1,1,D,7,7,7,4,17,20,4,5,2,2,0,0
20/21,09/05/21,Parma,Atalanta,2,5,A,0,1,A,5,18,2,13,12,15,1,3,1,1,0,0
20/21,09/05/21,Verona,Torino,1,1,D,0,0,D,19,6,7,4,16,22,9,3,3,3,0,0
20/21,09/05/21,Roma,Crotone,5,0,H,0,0,D,20,7,13,2,10,11,8,4,2,0,0,0
20/21,09/05/21,Juventus,Milan,0,3,A,0,1,A,16,11,4,6,17,12,8,2,2,2,0,0
20/21,11/05/21,Napoli,Udinese,5,1,H,2,1,H,21,5,12,2,8,14,8,3,0,1,0,0
20/21,12/05/21,Cagliari,Fiorentina,0,0,D,0,0,D,7,2,1,0,18,10,3,1,1,2,0,0
20/21,12/05/21,Atalanta,Benevento,2,0,H,1,0,H,14,3,4,1,19,11,7,5,2,5,0,1
20/21,12/05/21,Bologna,Genoa,0,2,A,0,1,A,17,12,8,9,9,11,12,4,1,3,0,0
20/21,12/05/21,Inter,Roma,3,1,H,2,1,H,13,17,5,6,4,12,5,8,0,4,0,0
20/21,12/05/21,Lazio,Parma,1,0,H,0,0,D,14,11,6,5,13,14,7,2,1,3,0,0
20/21,12/05/21,Sampdoria,Spezia,2,2,D,1,1,D,14,12,6,7,9,17,5,5,2,2,0,0
20/21,12/05/21,Sassuolo,Juventus,1,3,A,0,2,A,17,14,3,8,10,12,3,5,1,2,0,0
20/21,12/05/21,Torino,Milan,0,7,A,0,2,A,14,14,1,11,13,15,2,3,2,1,0,0
20/21,13/05/21,Crotone,Verona,2,1,H,1,0,H,9,11,4,2,20,11,0,9,3,1,0,0
20/21,15/05/21,Genoa,Atalanta,3,4,A,0,3,A,10,14,7,7,13,8,2,4,1,2,0,0
20/21,15/05/21,Spezia,Torino,4,1,H,2,0,H,14,6,11,3,25,17,3,6,3,5,0,0
20/21,15/05/21,Juventus,Inter,3,2,H,2,1,H,13,7,7,3,10,18,4,3,5,5,1,1
20/21,15/05/21,Roma,Lazio,2,0,H,1,0,H,13,10,2,5,8,8,4,4,2,2,0,1
20/21,16/05/21,Fiorentina,Napoli,0,2,A,0,0,D,7,18,3,8,15,9,3,6,5,1,1,0
20/21,16/05/21,Benevento,Crotone,1,1,D,1,0,H,19,6,11,2,12,19,8,4,2,2,0,1
20/21,16/05/21,Udinese,Sampdoria,0,1,A,0,0,D,9,15,2,6,12,13,6,3,3,1,0,0
20/21,16/05/21,Parma,Sassuolo,1,3,A,1,1,D,16,15,8,12,13,13,2,12,1,0,0,0
20/21,16/05/21,Milan,Cagliari,0,0,D,0,0,D,20,6,4,2,8,8,9,7,2,2,0,0
20/21,17/05/21,Verona,Bologna,2,2,D,1,1,D,11,13,5,5,19,17,4,4,3,3,0,0
20/21,18/05/21,Lazio,Torino,0,0,D,0,0,D,21,6,11,4,11,13,4,0,4,0,0,0
20/21,22/05/21,Cagliari,Genoa,0,1,A,0,1,A,16,11,7,5,9,13,8,4,1,4,0,1
20/21,22/05/21,Crotone,Fiorentina,0,0,D,0,0,D,12,11,4,3,11,10,6,5,2,2,0,0
20/21,22/05/21,Sampdoria,Parma,3,0,H,2,0,H,12,11,4,1,10,12,2,4,1,1,0,0
20/21,23/05/21,Inter,Udinese,5,1,H,2,0,H,14,8,9,2,13,16,3,2,1,0,0,0
20/21,23/05/21,Atalanta,Milan,0,2,A,0,1,A,11,7,1,3,17,11,3,0,3,3,1,0
20/21,23/05/21,Bologna,Juventus,1,4,A,0,3,A,18,19,5,11,7,16,3,0,1,2,0,0
20/21,23/05/21,Napoli,Verona,1,1,D,0,0,D,16,7,3,4,13,25,5,3,3,4,0,0
20/21,23/05/21,Sassuolo,Lazio,2,0,H,1,0,H,10,9,5,2,11,15,3,3,2,1,1,0
20/21,23/05/21,Spezia,Roma,2,2,D,2,0,H,18,14,9,10,13,14,5,2,0,1,0,0
20/21,23/05/21,Torino,Benevento,1,1,D,1,0,H,12,9,7,3,17,10,8,3,0,2,0,0
21/22,21/08/21,Inter,Genoa,4,0,H,2,0,H,17,11,8,5,18,7,8,2,1,2,0,0
21/22,21/08/21,Verona,Sassuolo,2,3,A,0,1,A,12,15,4,8,11,12,7,4,3,2,1,0
21/22,21/08/21,Empoli,Lazio,1,3,A,1,3,A,16,8,5,5,13,10,5,3,2,1,0,0
21/22,21/08/21,Torino,Atalanta,1,2,A,0,1,A,19,6,8,2,17,13,5,1,2,2,0,0
21/22,22/08/21,Bologna,Salernitana,3,2,H,0,0,D,18,8,7,4,13,15,9,4,6,3,2,1
21/22,22/08/21,Udinese,Juventus,2,2,D,0,2,A,11,11,6,4,11,12,3,3,1,3,0,0
21/22,22/08/21,Napoli,Venezia,2,0,H,0,0,D,13,8,4,4,5,22,2,2,1,7,1,0
21/22,22/08/21,Roma,Fiorentina,3,1,H,1,0,H,11,11,6,8,12,14,4,4,3,2,1,1
21/22,23/08/21,Cagliari,Spezia,2,2,D,0,1,A,16,13,10,6,17,17,11,4,2,3,0,0
21/22,23/08/21,Sampdoria,Milan,0,1,A,0,1,A,11,10,3,4,16,14,8,3,3,1,0,0
21/22,27/08/21,Udinese,Venezia,3,0,H,1,0,H,18,8,10,3,11,8,7,2,2,3,0,0
21/22,27/08/21,Verona,Inter,1,3,A,1,0,H,4,15,1,8,13,12,6,4,2,2,0,0
21/22,28/08/21,Atalanta,Bologna,0,0,D,0,0,D,21,3,3,1,11,14,5,5,2,5,0,0
21/22,28/08/21,Lazio,Spezia,6,1,H,3,1,H,18,5,10,2,12,9,4,2,0,2,0,1
21/22,28/08/21,Fiorentina,Torino,2,1,H,1,0,H,10,4,7,1,13,28,3,3,4,5,0,0
21/22,28/08/21,Juventus,Empoli,0,1,A,0,1,A,20,9,6,3,11,6,8,9,2,3,0,0
21/22,29/08/21,Genoa,Napoli,1,2,A,0,1,A,7,12,3,8,17,15,4,5,2,3,0,0
21/22,29/08/21,Sassuolo,Sampdoria,0,0,D,0,0,D,19,13,6,3,9,14,8,6,2,2,0,0
21/22,29/08/21,Milan,Cagliari,4,1,H,4,1,H,17,6,5,2,12,11,8,3,1,5,0,0
21/22,29/08/21,Salernitana,Roma,0,4,A,0,0,D,4,21,0,10,12,11,1,10,2,2,0,0
21/22,11/09/21,Empoli,Venezia,1,2,A,0,1,A,17,10,6,3,12,21,8,2,2,5,0,0
21/22,11/09/21,Napoli,Juventus,2,1,H,0,1,A,24,7,7,4,14,16,13,1,2,1,0,0
21/22,11/09/21,Atalanta,Fiorentina,1,2,A,0,1,A,10,7,5,2,14,19,10,3,5,4,0,0
21/22,12/09/21,Sampdoria,Inter,2,2,D,1,2,A,12,8,3,3,12,13,4,4,4,4,0,0
21/22,12/09/21,Cagliari,Genoa,2,3,A,1,0,H,8,9,3,3,15,15,2,6,2,3,0,0
21/22,12/09/21,Spezia,Udinese,0,1,A,0,0,D,20,8,5,4,12,14,4,5,1,2,0,0
21/22,12/09/21,Torino,Salernitana,4,0,H,1,0,H,15,7,7,2,10,11,7,4,0,2,0,0
21/22,12/09/21,Milan,Lazio,2,0,H,1,0,H,17,7,3,5,9,18,5,1,1,4,0,0
21/22,12/09/21,Roma,Sassuolo,2,1,H,1,0,H,19,13,9,7,7,11,4,6,2,1,0,0
21/22,13/09/21,Bologna,Verona,1,0,H,0,0,D,13,5,4,1,14,21,6,2,1,3,0,0
21/22,17/09/21,Sassuolo,Torino,0,1,A,0,0,D,9,18,1,6,7,20,6,3,0,4,0,0
21/22,18/09/21,Genoa,Fiorentina,1,2,A,0,0,D,9,16,3,5,13,16,1,11,4,4,0,0
21/22,18/09/21,Inter,Bologna,6,1,H,3,0,H,19,7,11,2,10,9,5,1,0,3,0,0
21/22,18/09/21,Salernitana,Atalanta,0,1,A,0,0,D,11,10,1,3,21,13,6,4,4,4,0,0
21/22,19/09/21,Empoli,Sampdoria,0,3,A,0,1,A,15,14,4,7,10,10,8,8,2,2,0,0
21/22,19/09/21,Venezia,Spezia,1,2,A,0,1,A,14,12,3,3,13,10,3,10,4,1,0,0
21/22,19/09/21,Lazio,Cagliari,2,2,D,1,0,H,28,10,10,3,3,11,10,1,1,3,0,1
21/22,19/09/21,Verona,Roma,3,2,H,0,1,A,10,15,6,2,14,13,3,8,4,2,0,0
21/22,19/09/21,Juventus,Milan,1,1,D,1,0,H,9,13,4,3,13,16,4,4,1,1,0,0
21/22,20/09/21,Udinese,Napoli,0,4,A,0,2,A,9,18,1,8,10,11,2,5,2,1,0,0
21/22,21/09/21,Bologna,Genoa,2,2,D,0,0,D,17,11,6,6,14,15,7,2,3,4,0,0
21/22,21/09/21,Atalanta,Sassuolo,2,1,H,2,1,H,14,8,5,1,17,16,5,5,2,2,0,0
21/22,21/09/21,Fiorentina,Inter,1,3,A,1,0,H,14,17,6,5,11,15,4,8,2,3,1,0
21/22,22/09/21,Salernitana,Verona,2,2,D,1,2,A,15,10,4,5,13,17,4,5,2,3,0,0
21/22,22/09/21,Spezia,Juventus,2,3,A,1,1,D,10,26,5,9,14,10,5,15,2,1,0,0
21/22,22/09/21,Cagliari,Empoli,0,2,A,0,1,A,16,17,1,5,15,13,7,4,2,1,0,0
21/22,22/09/21,Milan,Venezia,2,0,H,0,0,D,15,8,4,2,12,13,4,4,0,2,0,0
21/22,23/09/21,Sampdoria,Napoli,0,4,A,0,2,A,13,17,5,9,10,7,5,5,2,1,0,0
21/22,23/09/21,Torino,Lazio,1,1,D,0,0,D,16,6,5,2,19,9,6,5,3,3,0,0
21/22,23/09/21,Roma,Udinese,1,0,H,1,0,H,12,8,2,3,22,8,6,6,4,1,1,0
21/22,25/09/21,Spezia,Milan,1,2,A,0,0,D,8,18,2,5,12,11,2,4,2,2,0,0
21/22,25/09/21,Inter,Atalanta,2,2,D,1,2,A,19,23,6,5,13,11,4,11,3,5,0,0
21/22,25/09/21,Genoa,Verona,3,3,D,0,1,A,10,12,4,7,13,13,3,2,3,2,0,0
21/22,26/09/21,Juventus,Sampdoria,3,2,H,2,1,H,16,5,6,3,22,16,4,2,4,3,0,0
21/22,26/09/21,Empoli,Bologna,4,2,H,2,1,H,15,20,7,5,15,22,2,10,2,2,0,0
21/22,26/09/21,Sassuolo,Salernitana,1,0,H,0,0,D,17,12,6,5,16,16,4,8,3,3,0,0
21/22,26/09/21,Udinese,Fiorentina,0,1,A,0,1,A,12,8,5,2,14,11,4,1,2,3,0,0
21/22,26/09/21,Lazio,Roma,3,2,H,2,1,H,9,20,4,8,11,13,1,9,2,4,0,0
21/22,26/09/21,Napoli,Cagliari,2,0,H,1,0,H,18,6,7,1,12,10,6,4,2,1,0,0
21/22,27/09/21,Venezia,Torino,1,1,D,0,0,D,8,8,2,3,9,18,4,1,1,4,0,1
21/22,01/10/21,Cagliari,Venezia,1,1,D,1,0,H,9,10,3,4,15,19,2,4,2,5,0,0
21/22,02/10/21,Salernitana,Genoa,1,0,H,0,0,D,10,19,4,4,15,17,10,8,2,2,0,0
21/22,02/10/21,Torino,Juventus,0,1,A,0,0,D,12,10,2,3,20,14,4,6,3,1,0,0
21/22,02/10/21,Sassuolo,Inter,1,2,A,1,0,H,12,18,8,3,10,19,6,8,4,2,0,0
21/22,03/10/21,Bologna,Lazio,3,0,H,2,0,H,10,8,3,4,5,16,3,3,2,5,0,1
21/22,03/10/21,Sampdoria,Udinese,3,3,D,1,2,A,13,18,3,7,12,15,6,8,4,5,0,0
21/22,03/10/21,Verona,Spezia,4,0,H,3,0,H,6,12,4,4,15,11,1,5,1,1,0,1
21/22,03/10/21,Fiorentina,Napoli,1,2,A,1,1,D,10,12,3,6,16,13,8,2,3,3,0,0
21/22,03/10/21,Roma,Empoli,2,0,H,1,0,H,18,11,7,3,11,16,5,5,2,3,0,0
21/22,03/10/21,Atalanta,Milan,2,3,A,0,2,A,17,13,6,7,13,14,9,5,1,4,0,0
21/22,16/10/21,Spezia,Salernitana,2,1,H,0,1,A,18,15,5,4,13,15,10,2,2,3,0,0
21/22,16/10/21,Lazio,Inter,3,1,H,0,1,A,19,12,8,4,12,12,7,3,3,6,1,0
21/22,16/10/21,Milan,Verona,3,2,H,0,2,A,17,10,4,5,11,20,5,4,1,4,0,0
21/22,17/10/21,Cagliari,Sampdoria,3,1,H,1,0,H,12,17,5,3,14,18,5,9,4,2,0,0
21/22,17/10/21,Empoli,Atalanta,1,4,A,1,2,A,13,22,6,7,10,15,5,4,3,2,0,0
21/22,17/10/21,Genoa,Sassuolo,2,2,D,1,2,A,19,15,4,5,11,18,6,1,2,4,0,0
21/22,17/10/21,Udinese,Bologna,1,1,D,0,0,D,10,23,2,11,15,11,2,8,3,7,1,0
21/22,17/10/21,Napoli,Torino,1,0,H,0,0,D,10,11,3,3,6,20,3,4,2,4,0,0
21/22,17/10/21,Juventus,Roma,1,0,H,1,0,H,6,14,2,4,18,13,0,6,3,5,0,0
21/22,18/10/21,Venezia,Fiorentina,1,0,H,1,0,H,4,10,2,2,17,11,2,5,2,5,0,1
21/22,22/10/21,Torino,Genoa,3,2,H,2,0,H,17,14,6,4,20,18,2,4,2,3,0,0
21/22,22/10/21,Sampdoria,Spezia,2,1,H,2,0,H,6,17,2,7,9,9,0,8,3,1,0,0
21/22,23/10/21,Salernitana,Empoli,2,4,A,0,4,A,12,11,6,6,11,16,7,1,1,3,0,0
21/22,23/10/21,Sassuolo,Venezia,3,1,H,1,1,D,14,8,7,3,10,15,5,4,1,2,0,0
21/22,23/10/21,Bologna,Milan,2,4,A,0,2,A,9,15,4,7,7,15,4,1,1,3,2,0
21/22,24/10/21,Atalanta,Udinese,1,1,D,0,0,D,8,9,3,3,15,15,6,3,2,2,0,0
21/22,24/10/21,Fiorentina,Cagliari,3,0,H,2,0,H,21,3,5,1,11,15,4,1,0,2,0,0
21/22,24/10/21,Verona,Lazio,4,1,H,2,0,H,16,9,7,4,12,15,3,4,2,2,0,0
21/22,24/10/21,Roma,Napoli,0,0,D,0,0,D,13,11,1,3,14,10,7,4,4,1,0,0
21/22,24/10/21,Inter,Juventus,1,1,D,1,0,H,10,16,2,4,14,16,5,2,2,2,0,0
21/22,26/10/21,Spezia,Genoa,1,1,D,0,0,D,13,9,3,2,12,16,3,3,2,4,0,0
21/22,26/10/21,Venezia,Salernitana,1,2,A,1,0,H,8,21,4,7,17,13,4,5,3,3,1,0
21/22,26/10/21,Milan,Torino,1,0,H,1,0,H,10,12,2,2,14,21,2,5,3,3,0,0
21/22,27/10/21,Juventus,Sassuolo,1,2,A,0,1,A,14,8,3,4,21,15,4,4,1,5,0,0
21/22,27/10/21,Sampdoria,Atalanta,1,3,A,1,2,A,8,13,3,4,15,19,3,3,4,3,0,0
21/22,27/10/21,Udinese,Verona,1,1,D,1,0,H,16,5,5,2,13,12,7,4,1,2,0,0
21/22,27/10/21,Cagliari,Roma,1,2,A,0,0,D,7,22,5,3,16,16,2,10,3,4,0,0
21/22,27/10/21,Empoli,Inter,0,2,A,0,1,A,9,21,3,9,20,15,5,6,1,3,1,0
21/22,27/10/21,Lazio,Fiorentina,1,0,H,0,0,D,5,9,2,1,16,11,3,6,3,3,0,0
21/22,28/10/21,Napoli,Bologna,3,0,H,2,0,H,18,8,6,1,20,5,4,2,1,1,0,0
21/22,30/10/21,Atalanta,Lazio,2,2,D,1,1,D,17,8,3,5,13,13,6,2,1,3,0,0
21/22,30/10/21,Verona,Juventus,2,1,H,2,0,H,12,15,5,4,22,8,4,1,4,3,0,0
21/22,30/10/21,Torino,Sampdoria,3,0,H,1,0,H,16,5,6,1,19,8,4,5,2,4,0,1
21/22,31/10/21,Inter,Udinese,2,0,H,0,0,D,15,9,6,5,9,11,6,4,0,2,0,0
21/22,31/10/21,Fiorentina,Spezia,3,0,H,1,0,H,27,3,12,0,9,20,7,4,4,3,0,0
21/22,31/10/21,Genoa,Venezia,0,0,D,0,0,D,19,6,4,2,13,13,12,4,1,3,0,0
21/22,31/10/21,Sassuolo,Empoli,1,2,A,1,0,H,15,14,5,6,16,12,4,6,4,2,0,0
21/22,31/10/21,Salernitana,Napoli,0,1,A,0,0,D,9,18,3,3,11,13,4,4,0,2,1,1
21/22,31/10/21,Roma,Milan,1,2,A,0,1,A,24,8,6,3,19,13,6,2,4,7,0,1
21/22,01/11/21,Bologna,Cagliari,2,0,H,0,0,D,8,9,3,2,11,9,5,2,3,2,0,1
21/22,05/11/21,Empoli,Genoa,2,2,D,0,1,A,10,15,2,7,8,21,4,5,0,4,0,0
21/22,06/11/21,Spezia,Torino,1,0,H,0,0,D,7,9,3,1,15,17,2,3,3,3,0,0
21/22,06/11/21,Juventus,Fiorentina,1,0,H,0,0,D,13,6,3,1,15,15,5,5,2,4,0,1
21/22,06/11/21,Cagliari,Atalanta,1,2,A,1,2,A,7,21,1,8,11,9,2,7,1,1,0,0
21/22,07/11/21,Venezia,Roma,3,2,H,1,2,A,13,27,7,10,12,18,4,11,2,2,0,0
21/22,07/11/21,Sampdoria,Bologna,1,2,A,0,0,D,10,14,4,7,14,12,6,5,4,1,0,0
21/22,07/11/21,Udinese,Sassuolo,3,2,H,2,2,D,13,10,2,4,14,15,1,5,3,3,1,0
21/22,07/11/21,Lazio,Salernitana,3,0,H,2,0,H,16,5,5,0,7,14,5,1,1,2,0,0
21/22,07/11/21,Napoli,Verona,1,1,D,1,1,D,16,11,1,3,16,19,3,2,2,7,0,2
21/22,07/11/21,Milan,Inter,1,1,D,1,1,D,16,13,4,3,16,11,4,8,1,0,0,0
21/22,20/11/21,Atalanta,Spezia,5,2,H,3,1,H,18,10,9,5,10,11,0,6,2,3,0,0
21/22,20/11/21,Lazio,Juventus,0,2,A,0,1,A,8,11,1,5,12,15,3,2,3,1,0,0
21/22,20/11/21,Fiorentina,Milan,4,3,H,2,0,H,9,17,5,7,6,10,5,6,1,1,0,0
21/22,21/11/21,Sassuolo,Cagliari,2,2,D,1,1,D,20,11,4,4,13,10,6,5,1,2,0,0
21/22,21/11/21,Bologna,Venezia,0,1,A,0,0,D,22,8,6,6,6,9,17,0,0,3,0,0
21/22,21/11/21,Salernitana,Sampdoria,0,2,A,0,2,A,18,13,2,6,10,19,13,3,0,3,0,0
21/22,21/11/21,Inter,Napoli,3,2,H,2,1,H,17,9,7,3,15,16,4,1,4,3,0,0
21/22,21/11/21,Genoa,Roma,0,2,A,0,0,D,1,19,1,4,13,13,1,2,3,2,0,0
21/22,22/11/21,Verona,Empoli,2,1,H,0,0,D,22,9,5,4,7,13,1,3,1,3,0,0
21/22,22/11/21,Torino,Udinese,2,1,H,1,0,H,14,18,4,7,19,17,4,7,1,3,0,0
21/22,26/11/21,Cagliari,Salernitana,1,1,D,0,0,D,19,8,3,2,13,10,7,6,3,1,0,0
21/22,27/11/21,Empoli,Fiorentina,2,1,H,0,0,D,17,16,5,7,15,10,8,5,1,1,0,0
21/22,27/11/21,Sampdoria,Verona,3,1,H,0,1,A,15,14,5,3,13,16,4,5,4,1,0,0
21/22,27/11/21,Juventus,Atalanta,0,1,A,0,1,A,15,7,2,1,13,20,6,4,4,5,0,0
21/22,27/11/21,Venezia,Inter,0,2,A,0,1,A,6,27,1,11,9,4,3,9,2,0,0,0
21/22,28/11/21,Udinese,Genoa,0,0,D,0,0,D,17,8,3,2,18,11,8,1,3,4,0,0
21/22,28/11/21,Milan,Sassuolo,1,3,A,1,2,A,15,15,2,5,15,7,7,6,4,2,1,0
21/22,28/11/21,Spezia,Bologna,0,1,A,0,0,D,13,17,5,5,16,12,3,6,3,1,0,0
21/22,28/11/21,Roma,Torino,1,0,H,1,0,H,10,17,2,3,7,11,2,9,2,1,0,0
21/22,28/11/21,Napoli,Lazio,4,0,H,3,0,H,18,6,8,2,9,14,1,3,2,4,0,0
21/22,30/11/21,Atalanta,Venezia,4,0,H,2,0,H,19,8,6,4,11,9,4,2,0,1,0,0
21/22,30/11/21,Fiorentina,Sampdoria,3,1,H,3,1,H,17,11,7,4,6,16,3,6,0,3,0,0
21/22,30/11/21,Salernitana,Juventus,0,2,A,0,1,A,4,18,0,7,14,9,4,4,1,1,0,0
21/22,30/11/21,Verona,Cagliari,0,0,D,0,0,D,15,12,6,4,15,12,11,1,3,2,0,0
21/22,01/12/21,Bologna,Roma,1,0,H,1,0,H,6,13,3,5,9,18,3,3,3,4,0,0
21/22,01/12/21,Inter,Spezia,2,0,H,1,0,H,31,7,11,4,18,10,11,1,1,2,0,0
21/22,01/12/21,Genoa,Milan,0,3,A,0,2,A,10,18,3,5,11,16,2,6,2,1,0,0
21/22,01/12/21,Sassuolo,Napoli,2,2,D,0,0,D,9,9,7,4,10,19,5,4,4,2,0,0
21/22,02/12/21,Torino,Empoli,2,2,D,2,1,H,10,16,3,5,9,15,1,11,1,3,1,0
21/22,02/12/21,Lazio,Udinese,4,4,D,1,3,A,13,12,5,5,11,11,5,4,3,5,1,2
21/22,04/12/21,Milan,Salernitana,2,0,H,2,0,H,22,7,8,2,11,9,9,5,1,2,0,0
21/22,04/12/21,Roma,Inter,0,3,A,0,3,A,9,10,1,4,9,6,4,4,3,1,0,0
21/22,04/12/21,Napoli,Atalanta,2,3,A,1,1,D,15,21,4,7,16,18,6,7,2,3,0,0
21/22,05/12/21,Bologna,Fiorentina,2,3,A,1,1,D,8,6,3,3,12,15,0,2,3,3,0,0
21/22,05/12/21,Spezia,Sassuolo,2,2,D,1,0,H,9,20,4,5,11,9,2,5,4,3,0,0
21/22,05/12/21,Venezia,Verona,3,4,A,3,0,H,9,16,5,6,13,14,1,6,2,2,1,0
21/22,05/12/21,Sampdoria,Lazio,1,3,A,0,3,A,18,6,5,5,13,9,7,0,4,3,0,1
21/22,05/12/21,Juventus,Genoa,2,0,H,1,0,H,27,0,12,0,15,7,5,1,3,1,0,0
21/22,06/12/21,Empoli,Udinese,3,1,H,0,1,A,22,19,9,8,12,18,8,6,4,3,0,0
21/22,06/12/21,Cagliari,Torino,1,1,D,0,1,A,15,8,2,3,12,24,5,2,2,4,0,0
21/22,10/12/21,Genoa,Sampdoria,1,3,A,0,1,A,12,14,2,6,15,17,8,3,2,2,0,0
21/22,11/12/21,Fiorentina,Salernitana,4,0,H,1,0,H,17,11,9,6,9,11,1,3,1,1,0,0
21/22,11/12/21,Venezia,Juventus,1,1,D,0,1,A,13,20,4,6,20,10,3,11,4,2,0,0
21/22,11/12/21,Udinese,Milan,1,1,D,1,0,H,11,12,6,1,17,10,3,5,2,2,1,0
21/22,12/12/21,Torino,Bologna,2,1,H,1,0,H,16,8,7,5,16,18,5,0,2,4,0,0
21/22,12/12/21,Verona,Atalanta,1,2,A,1,1,D,19,14,4,6,12,10,6,6,2,1,0,0
21/22,12/12/21,Napoli,Empoli,0,1,A,0,0,D,30,12,6,5,8,11,10,3,0,1,0,0
21/22,12/12/21,Sassuolo,Lazio,2,1,H,0,1,A,17,6,6,2,9,11,6,0,1,2,1,0
21/22,12/12/21,Inter,Cagliari,4,0,H,1,0,H,24,5,15,2,9,13,9,0,1,2,0,0
21/22,13/12/21,Roma,Spezia,2,0,H,1,0,H,12,8,6,2,13,7,9,4,4,1,1,0
21/22,17/12/21,Lazio,Genoa,3,1,H,1,0,H,11,4,5,2,9,8,5,2,0,3,0,0
21/22,17/12/21,Salernitana,Inter,0,5,A,0,2,A,10,23,2,8,10,10,3,10,1,2,0,0
21/22,18/12/21,Atalanta,Roma,1,4,A,1,2,A,17,8,6,5,11,15,10,0,1,3,0,0
21/22,18/12/21,Bologna,Juventus,0,2,A,0,1,A,11,11,3,7,7,19,8,4,1,1,0,0
21/22,18/12/21,Cagliari,Udinese,0,4,A,0,2,A,5,10,2,5,12,14,4,2,4,2,1,0
21/22,19/12/21,Fiorentina,Sassuolo,2,2,D,0,2,A,23,8,8,4,7,14,9,3,3,5,1,0
21/22,19/12/21,Spezia,Empoli,1,1,D,0,0,D,9,22,2,6,20,9,3,5,3,2,0,0
21/22,19/12/21,Sampdoria,Venezia,1,1,D,1,0,H,18,12,8,1,8,17,4,3,2,1,0,0
21/22,19/12/21,Torino,Verona,1,0,H,1,0,H,8,8,1,2,15,7,5,3,1,2,0,1
21/22,19/12/21,Milan,Napoli,0,1,A,0,1,A,12,11,2,2,14,18,5,5,0,2,0,0
21/22,21/12/21,Genoa,Atalanta,0,0,D,0,0,D,1,17,0,3,13,15,3,8,2,1,0,0
21/22,21/12/21,Juventus,Cagliari,2,0,H,1,0,H,15,6,4,1,16,12,7,1,0,3,0,0
21/22,22/12/21,Sassuolo,Bologna,0,3,A,0,2,A,13,9,5,5,13,12,5,5,1,3,0,0
21/22,22/12/21,Venezia,Lazio,1,3,A,1,1,D,11,7,2,4,11,10,4,4,3,3,1,0
21/22,22/12/21,Inter,Torino,1,0,H,1,0,H,14,12,3,3,10,17,7,4,1,0,0,0
21/22,22/12/21,Roma,Sampdoria,1,1,D,0,0,D,15,10,4,2,6,8,10,2,0,3,0,0
21/22,22/12/21,Verona,Fiorentina,1,1,D,1,0,H,7,11,2,1,15,5,3,8,2,1,0,0
21/22,22/12/21,Empoli,Milan,2,4,A,1,2,A,16,18,5,8,18,10,7,3,1,2,0,0
21/22,22/12/21,Napoli,Spezia,0,1,A,0,1,A,25,8,7,0,14,12,10,5,2,3,0,0
21/22,06/01/22,Sampdoria,Cagliari,1,2,A,1,0,H,4,15,1,7,12,17,0,5,1,3,1,0
21/22,06/01/22,Lazio,Empoli,3,3,D,1,2,A,23,11,10,4,13,11,9,2,4,4,0,0
21/22,06/01/22,Spezia,Verona,1,2,A,0,0,D,9,22,3,5,14,11,6,7,3,2,1,0
21/22,06/01/22,Sassuolo,Genoa,1,1,D,0,1,A,28,4,7,1,8,11,7,4,3,0,0,0
21/22,06/01/22,Milan,Roma,3,1,H,2,1,H,19,11,5,5,6,20,3,9,2,6,0,2
21/22,06/01/22,Juventus,Napoli,1,1,D,0,1,A,22,16,5,4,8,11,4,3,2,1,0,0
21/22,09/01/22,Empoli,Sassuolo,1,5,A,1,2,A,15,25,4,14,10,15,5,5,2,3,1,0
21/22,09/01/22,Venezia,Milan,0,3,A,0,1,A,9,18,3,8,11,11,1,7,1,3,1,0
21/22,09/01/22,Napoli,Sampdoria,1,0,H,1,0,H,22,10,5,1,12,11,13,0,0,2,0,0
21/22,09/01/22,Udinese,Atalanta,2,6,A,0,3,A,8,21,4,7,9,12,2,5,2,2,0,0
21/22,09/01/22,Genoa,Spezia,0,1,A,0,1,A,15,17,2,9,17,16,7,4,3,3,0,0
21/22,09/01/22,Roma,Juventus,3,4,A,1,1,D,19,14,7,5,11,12,8,1,3,4,0,1
21/22,09/01/22,Inter,Lazio,2,1,H,1,1,D,17,5,6,2,11,14,4,3,1,4,0,0
21/22,09/01/22,Verona,Salernitana,1,2,A,0,1,A,24,9,7,5,13,12,17,4,1,3,1,0
21/22,10/01/22,Torino,Fiorentina,4,0,H,3,0,H,9,10,6,3,16,12,1,5,2,2,0,0
21/22,11/01/22,Cagliari,Bologna,2,1,H,0,0,D,13,9,4,3,12,15,5,5,3,2,0,0
21/22,15/01/22,Sampdoria,Torino,1,2,A,1,1,D,11,20,3,12,13,14,3,10,0,2,0,0
21/22,15/01/22,Salernitana,Lazio,0,3,A,0,2,A,6,15,1,8,11,16,3,7,2,3,0,0
21/22,15/01/22,Juventus,Udinese,2,0,H,1,0,H,14,16,4,3,13,10,7,6,1,2,0,0
21/22,16/01/22,Sassuolo,Verona,2,4,A,0,2,A,13,21,5,6,6,18,9,7,2,4,0,0
21/22,16/01/22,Venezia,Empoli,1,1,D,0,1,A,14,17,3,6,13,17,6,5,3,5,0,0
21/22,16/01/22,Roma,Cagliari,1,0,H,1,0,H,15,8,7,2,13,17,1,1,3,4,0,0
21/22,16/01/22,Atalanta,Inter,0,0,D,0,0,D,12,11,6,3,12,9,6,4,2,2,0,0
21/22,17/01/22,Bologna,Napoli,0,2,A,0,1,A,12,14,5,5,9,10,1,4,3,1,0,0
21/22,17/01/22,Milan,Spezia,1,2,A,1,0,H,25,10,8,6,11,17,10,1,2,5,0,0
21/22,17/01/22,Fiorentina,Genoa,6,0,H,3,0,H,22,3,12,0,10,11,4,0,1,3,0,0
21/22,21/01/22,Verona,Bologna,2,1,H,1,1,D,14,8,6,2,21,9,7,2,2,4,0,0
21/22,22/01/22,Genoa,Udinese,0,0,D,0,0,D,10,2,3,0,27,17,10,4,4,4,1,0
21/22,22/01/22,Inter,Venezia,2,1,H,1,1,D,24,3,12,3,13,9,6,0,3,4,0,0
21/22,22/01/22,Lazio,Atalanta,0,0,D,0,0,D,9,6,1,2,10,17,4,1,0,3,0,0
21/22,23/01/22,Cagliari,Fiorentina,1,1,D,0,0,D,12,16,3,6,21,16,6,4,3,3,0,1
21/22,23/01/22,Napoli,Salernitana,4,1,H,2,1,H,26,1,14,1,9,14,10,0,0,4,0,1
21/22,23/01/22,Spezia,Sampdoria,1,0,H,0,0,D,7,8,2,0,24,12,2,4,2,4,0,1
21/22,23/01/22,Torino,Sassuolo,1,1,D,1,0,H,21,6,6,1,21,15,4,3,3,3,0,0
21/22,23/01/22,Empoli,Roma,2,4,A,0,4,A,16,16,7,8,13,14,2,3,2,2,0,0
21/22,23/01/22,Milan,Juventus,0,0,D,0,0,D,14,8,4,0,16,19,4,1,2,2,0,0
21/22,05/02/22,Roma,Genoa,0,0,D,0,0,D,23,10,3,3,8,23,6,4,3,2,1,1
21/22,05/02/22,Inter,Milan,1,2,A,1,0,H,11,10,5,3,20,14,6,4,2,4,0,1
21/22,05/02/22,Fiorentina,Lazio,0,3,A,0,0,D,9,12,3,7,13,15,4,3,3,5,1,0
21/22,06/02/22,Atalanta,Cagliari,1,2,A,0,0,D,10,7,3,4,13,14,3,1,1,5,1,0
21/22,06/02/22,Bologna,Empoli,0,0,D,0,0,D,12,15,2,4,9,16,3,5,2,4,0,0
21/22,06/02/22,Sampdoria,Sassuolo,4,0,H,2,0,H,11,26,7,9,15,16,3,9,2,2,0,0
21/22,06/02/22,Venezia,Napoli,0,2,A,0,0,D,7,16,3,6,12,11,2,6,2,2,1,0
21/22,06/02/22,Udinese,Torino,2,0,H,0,0,D,11,5,3,1,12,21,8,3,3,5,0,1
21/22,06/02/22,Juventus,Verona,2,0,H,1,0,H,11,13,8,1,11,11,6,5,1,1,0,0
21/22,07/02/22,Salernitana,Spezia,2,2,D,2,2,D,9,13,5,2,12,19,5,6,3,3,0,0
21/22,12/02/22,Lazio,Bologna,3,0,H,1,0,H,12,11,6,3,13,16,5,3,2,2,0,0
21/22,12/02/22,Napoli,Inter,1,1,D,1,0,H,13,8,4,2,8,13,4,2,1,1,0,0
21/22,12/02/22,Torino,Venezia,1,2,A,1,1,D,14,5,2,2,14,12,8,4,2,3,0,1
21/22,13/02/22,Milan,Sampdoria,1,0,H,1,0,H,15,4,7,1,13,11,4,0,3,1,0,0
21/22,13/02/22,Empoli,Cagliari,1,1,D,1,0,H,13,17,4,5,14,13,6,4,1,2,0,0
21/22,13/02/22,Genoa,Salernitana,1,1,D,1,1,D,15,12,5,4,17,10,5,4,3,2,0,0
21/22,13/02/22,Verona,Udinese,4,0,H,2,0,H,6,21,5,7,18,7,2,7,3,1,0,0
21/22,13/02/22,Sassuolo,Roma,2,2,D,0,1,A,12,12,3,7,13,13,4,3,4,2,1,0
21/22,13/02/22,Atalanta,Juventus,1,1,D,0,0,D,21,15,3,6,13,9,8,8,2,3,0,0
21/22,14/02/22,Spezia,Fiorentina,1,2,A,0,1,A,9,21,1,4,17,10,4,8,2,1,0,0
21/22,18/02/22,Juventus,Torino,1,1,D,1,0,H,11,10,3,3,16,19,7,9,1,2,0,0
21/22,19/02/22,Sampdoria,Empoli,2,0,H,2,0,H,8,10,3,2,15,12,3,6,4,2,0,0
21/22,19/02/22,Roma,Verona,2,2,D,0,2,A,7,5,3,3,18,14,4,2,3,2,0,0
21/22,19/02/22,Salernitana,Milan,2,2,D,1,1,D,9,14,5,5,14,12,4,7,2,4,0,0
21/22,20/02/22,Fiorentina,Atalanta,1,0,H,0,0,D,6,7,3,1,17,20,2,1,2,5,0,0
21/22,20/02/22,Venezia,Genoa,1,1,D,1,1,D,15,12,4,3,14,15,6,5,2,2,0,0
21/22,20/02/22,Inter,Sassuolo,0,2,A,0,2,A,29,13,8,5,12,12,8,3,1,2,0,0
21/22,20/02/22,Udinese,Lazio,1,1,D,1,1,D,12,10,2,2,22,9,2,12,3,2,0,0
21/22,21/02/22,Cagliari,Napoli,1,1,D,0,0,D,13,7,5,3,17,22,3,6,1,2,0,0
21/22,21/02/22,Bologna,Spezia,2,1,H,1,1,D,19,6,7,2,7,13,11,0,1,1,0,0
21/22,25/02/22,Milan,Udinese,1,1,D,1,0,H,9,11,3,6,13,17,5,4,2,4,0,0
21/22,25/02/22,Genoa,Inter,0,0,D,0,0,D,7,21,1,4,11,9,0,14,2,1,0,0
21/22,26/02/22,Salernitana,Bologna,1,1,D,0,1,A,15,8,4,3,13,25,6,1,2,3,0,0
21/22,26/02/22,Empoli,Juventus,2,3,A,1,2,A,11,12,2,5,16,8,7,3,2,0,0,0
21/22,26/02/22,Sassuolo,Fiorentina,2,1,H,1,0,H,16,15,6,6,12,12,6,10,1,1,0,1
21/22,27/02/22,Torino,Cagliari,1,2,A,0,1,A,15,11,6,5,16,20,4,3,2,4,0,0
21/22,27/02/22,Verona,Venezia,3,1,H,0,0,D,19,9,11,4,13,10,5,5,0,1,0,0
21/22,27/02/22,Spezia,Roma,0,1,A,0,0,D,9,31,3,10,13,11,1,8,5,3,1,0
21/22,27/02/22,Lazio,Napoli,1,2,A,0,0,D,13,15,8,7,13,14,1,5,3,2,0,0
21/22,28/02/22,Atalanta,Sampdoria,4,0,H,2,0,H,19,6,9,1,16,9,8,1,1,2,0,0
21/22,04/03/22,Inter,Salernitana,5,0,H,2,0,H,23,11,12,3,11,7,10,3,2,1,0,0
21/22,05/03/22,Udinese,Sampdoria,2,1,H,2,1,H,19,8,5,4,20,14,11,4,5,2,0,0
21/22,05/03/22,Roma,Atalanta,1,0,H,1,0,H,13,7,4,4,18,14,6,3,6,4,1,1
21/22,05/03/22,Cagliari,Lazio,0,3,A,0,2,A,16,13,3,5,10,13,7,6,3,2,0,1
21/22,06/03/22,Genoa,Empoli,0,0,D,0,0,D,18,8,7,2,15,19,7,2,4,3,0,0
21/22,06/03/22,Bologna,Torino,0,0,D,0,0,D,6,13,1,2,23,16,5,7,3,3,0,0
21/22,06/03/22,Fiorentina,Verona,1,1,D,1,1,D,8,2,2,2,15,15,4,2,0,4,0,0
21/22,06/03/22,Venezia,Sassuolo,1,4,A,1,3,A,16,16,5,10,18,14,8,6,4,1,0,0
21/22,06/03/22,Juventus,Spezia,1,0,H,1,0,H,10,9,3,4,14,11,4,4,3,2,0,0
21/22,06/03/22,Napoli,Milan,0,1,A,0,0,D,9,12,2,7,7,15,6,7,4,4,0,0
21/22,12/03/22,Salernitana,Sassuolo,2,2,D,1,2,A,15,20,5,7,13,15,5,5,2,4,0,1
21/22,12/03/22,Spezia,Cagliari,2,0,H,0,0,D,12,11,7,1,10,17,8,7,1,4,0,0
21/22,12/03/22,Sampdoria,Juventus,1,3,A,0,2,A,16,6,5,3,7,15,9,0,0,2,0,0
21/22,12/03/22,Milan,Empoli,1,0,H,1,0,H,15,5,5,2,6,12,5,4,1,0,0,0
21/22,13/03/22,Fiorentina,Bologna,1,0,H,0,0,D,14,4,5,0,9,16,9,1,1,5,0,1
21/22,13/03/22,Verona,Napoli,1,2,A,0,1,A,8,13,1,4,19,9,3,5,6,0,2,0
21/22,13/03/22,Atalanta,Genoa,0,0,D,0,0,D,11,13,2,3,13,17,4,3,2,0,0,0
21/22,13/03/22,Udinese,Roma,1,1,D,1,0,H,11,10,5,2,16,12,6,4,3,2,0,0
21/22,13/03/22,Torino,Inter,1,1,D,1,0,H,13,15,4,7,15,17,3,4,1,5,0,0
21/22,14/03/22,Lazio,Venezia,1,0,H,0,0,D,10,7,1,2,11,13,8,4,1,1,0,0
21/22,18/03/22,Sassuolo,Spezia,4,1,H,1,1,D,16,5,7,1,14,16,6,2,2,3,0,0
21/22,18/03/22,Genoa,Torino,1,0,H,1,0,H,7,9,2,3,12,17,2,3,3,3,1,0
21/22,19/03/22,Napoli,Udinese,2,1,H,0,1,A,20,10,8,3,10,12,7,4,2,2,0,1
21/22,19/03/22,Inter,Fiorentina,1,1,D,0,0,D,13,17,5,4,14,12,5,3,1,2,0,0
21/22,19/03/22,Cagliari,Milan,0,1,A,0,0,D,13,21,1,5,13,14,6,5,1,0,0,0
21/22,20/03/22,Venezia,Sampdoria,0,2,A,0,2,A,13,8,1,4,28,17,3,4,5,1,1,0
21/22,20/03/22,Empoli,Verona,1,1,D,1,0,H,7,14,2,4,17,13,3,7,2,3,0,0
21/22,20/03/22,Juventus,Salernitana,2,0,H,2,0,H,12,12,7,4,10,13,5,5,3,2,0,0
21/22,20/03/22,Roma,Lazio,3,0,H,3,0,H,11,9,5,3,16,12,6,3,4,3,0,0
21/22,20/03/22,Bologna,Atalanta,0,1,A,0,0,D,12,15,3,2,9,12,6,3,0,1,0,0
21/22,02/04/22,Spezia,Venezia,1,0,H,0,0,D,11,13,5,2,15,12,5,2,3,1,0,0
21/22,02/04/22,Lazio,Sassuolo,2,1,H,1,0,H,14,20,5,5,11,8,4,3,1,3,0,0
21/22,02/04/22,Salernitana,Torino,0,1,A,0,1,A,14,8,3,5,15,21,9,2,5,4,1,0
21/22,03/04/22,Fiorentina,Empoli,1,0,H,0,0,D,24,5,11,1,10,20,5,0,1,3,0,1
21/22,03/04/22,Atalanta,Napoli,1,3,A,0,2,A,19,6,3,5,15,11,9,1,2,3,0,0
21/22,03/04/22,Udinese,Cagliari,5,1,H,2,1,H,24,6,11,3,19,15,2,2,2,4,0,1
21/22,03/04/22,Sampdoria,Roma,0,1,A,0,1,A,8,6,3,1,15,13,4,4,2,3,0,0
21/22,03/04/22,Juventus,Inter,0,1,A,0,1,A,23,5,5,1,9,19,8,1,4,4,0,0
21/22,04/04/22,Verona,Genoa,1,0,H,1,0,H,7,7,3,4,16,15,2,5,4,3,0,0
21/22,04/04/22,Milan,Bologna,0,0,D,0,0,D,33,8,7,4,10,7,9,2,0,2,0,0
21/22,09/04/22,Empoli,Spezia,0,0,D,0,0,D,15,11,4,5,11,18,5,4,2,2,0,0
21/22,09/04/22,Inter,Verona,2,0,H,2,0,H,18,9,6,3,10,7,10,2,2,0,0,0
21/22,09/04/22,Cagliari,Juventus,1,2,A,1,1,D,4,20,1,6,19,10,1,4,1,0,0,0
21/22,10/04/22,Genoa,Lazio,1,4,A,0,2,A,15,17,4,11,7,8,3,6,0,1,0,0
21/22,10/04/22,Napoli,Fiorentina,2,3,A,0,1,A,15,11,3,4,10,17,3,2,0,3,0,0
21/22,10/04/22,Sassuolo,Atalanta,2,1,H,1,0,H,14,15,7,4,18,14,8,8,2,1,0,0
21/22,10/04/22,Venezia,Udinese,1,2,A,0,1,A,9,16,4,5,15,11,7,11,7,2,0,0
21/22,10/04/22,Roma,Salernitana,2,1,H,0,1,A,17,6,7,3,16,23,9,2,5,8,0,0
21/22,10/04/22,Torino,Milan,0,0,D,0,0,D,14,14,3,3,18,6,6,5,2,2,0,0
21/22,11/04/22,Bologna,Sampdoria,2,0,H,0,0,D,19,9,4,2,11,11,6,0,1,2,0,0
21/22,15/04/22,Spezia,Inter,1,3,A,0,1,A,10,23,2,7,9,11,6,7,2,0,0,0
21/22,15/04/22,Milan,Genoa,2,0,H,1,0,H,10,7,5,1,10,19,3,1,1,2,0,0
21/22,16/04/22,Cagliari,Sassuolo,1,0,H,1,0,H,16,8,8,2,15,11,3,3,2,2,0,0
21/22,16/04/22,Sampdoria,Salernitana,1,2,A,1,2,A,5,7,1,2,18,23,5,2,1,7,0,0
21/22,16/04/22,Udinese,Empoli,4,1,H,1,0,H,13,15,5,4,18,13,4,7,1,4,0,0
21/22,16/04/22,Fiorentina,Venezia,1,0,H,1,0,H,22,3,6,1,15,17,5,0,4,4,0,0
21/22,16/04/22,Juventus,Bologna,1,1,D,0,0,D,23,9,4,2,11,11,4,5,1,5,0,2
21/22,16/04/22,Lazio,Torino,1,1,D,0,0,D,10,12,4,4,10,12,9,7,1,2,0,0
21/22,18/04/22,Napoli,Roma,1,1,D,1,0,H,9,8,4,6,21,12,5,5,4,2,0,0
21/22,18/04/22,Atalanta,Verona,1,2,A,0,1,A,17,21,4,6,13,13,10,1,3,3,0,0
21/22,20/04/22,Udinese,Salernitana,0,1,A,0,0,D,11,9,3,2,20,13,9,3,3,5,0,0
21/22,23/04/22,Torino,Spezia,2,1,H,1,0,H,14,7,6,2,9,13,5,6,1,2,0,0
21/22,23/04/22,Venezia,Atalanta,1,3,A,0,1,A,8,19,2,5,12,13,0,7,0,3,0,0
21/22,23/04/22,Inter,Roma,3,1,H,2,0,H,11,9,8,2,11,13,4,3,2,2,0,0
21/22,23/04/22,Verona,Sampdoria,1,1,D,0,1,A,12,4,1,3,15,15,4,5,1,3,0,0
21/22,24/04/22,Salernitana,Fiorentina,2,1,H,1,0,H,10,8,4,3,15,12,6,4,1,1,0,0
21/22,24/04/22,Bologna,Udinese,2,2,D,1,1,D,10,17,3,5,9,22,2,4,2,2,0,0
21/22,24/04/22,Empoli,Napoli,3,2,H,0,1,A,17,16,7,2,14,9,10,7,4,1,0,0
21/22,24/04/22,Genoa,Cagliari,1,0,H,0,0,D,13,11,2,1,21,18,2,3,3,2,0,0
21/22,24/04/22,Lazio,Milan,1,2,A,1,0,H,7,25,2,8,13,15,2,8,3,4,0,0
21/22,25/04/22,Sassuolo,Juventus,1,2,A,1,1,D,22,10,7,5,15,8,6,4,2,2,0,0
21/22,27/04/22,Fiorentina,Udinese,0,4,A,0,2,A,18,17,7,8,12,22,14,2,3,4,0,0
21/22,27/04/22,Atalanta,Torino,4,4,D,2,2,D,16,5,5,4,12,11,8,0,2,2,0,0
21/22,27/04/22,Bologna,Inter,2,1,H,1,1,D,5,26,3,7,11,9,0,7,1,3,0,0
21/22,30/04/22,Cagliari,Verona,1,2,A,0,2,A,14,13,5,4,16,17,2,2,2,4,0,0
21/22,30/04/22,Napoli,Sassuolo,6,1,H,4,0,H,18,13,8,4,10,9,4,3,0,3,0,0
21/22,30/04/22,Sampdoria,Genoa,1,0,H,1,0,H,10,14,2,4,13,23,1,2,3,1,0,0
21/22,30/04/22,Spezia,Lazio,3,4,A,2,1,H,9,22,3,9,15,10,4,5,3,1,0,0
21/22,01/05/22,Juventus,Venezia,2,1,H,1,0,H,17,9,4,3,17,12,8,4,3,3,0,0
21/22,01/05/22,Empoli,Torino,1,3,A,0,0,D,11,13,4,3,14,11,5,4,5,2,2,0
21/22,01/05/22,Milan,Fiorentina,1,0,H,0,0,D,13,8,2,2,17,17,2,2,1,3,0,0
21/22,01/05/22,Udinese,Inter,1,2,A,0,2,A,7,12,3,5,12,10,5,11,2,1,0,0
21/22,01/05/22,Roma,Bologna,0,0,D,0,0,D,17,10,5,4,10,9,10,5,0,1,0,0
21/22,02/05/22,Atalanta,Salernitana,1,1,D,0,1,A,20,11,5,9,13,9,11,4,3,2,0,0
21/22,05/05/22,Salernitana,Venezia,2,1,H,1,0,H,19,10,4,4,12,17,6,4,2,7,0,1
21/22,06/05/22,Inter,Empoli,4,2,H,2,2,D,37,4,10,2,10,9,15,2,1,0,0,0
21/22,06/05/22,Genoa,Juventus,2,1,H,0,0,D,18,12,6,4,13,15,9,2,2,3,0,0
21/22,07/05/22,Torino,Napoli,0,1,A,0,0,D,10,11,3,6,18,11,6,4,2,3,0,0
21/22,07/05/22,Sassuolo,Udinese,1,1,D,1,0,H,15,13,6,6,10,18,6,9,2,2,0,0
21/22,07/05/22,Lazio,Sampdoria,2,0,H,1,0,H,16,9,10,2,9,9,6,0,1,1,0,0
21/22,08/05/22,Spezia,Atalanta,1,3,A,1,1,D,5,17,1,6,10,12,0,3,2,3,0,0
21/22,08/05/22,Venezia,Bologna,4,3,H,2,1,H,18,23,9,10,10,13,4,8,2,4,0,0
21/22,08/05/22,Salernitana,Cagliari,1,1,D,0,0,D,13,9,2,3,12,17,7,6,5,2,1,1
21/22,08/05/22,Verona,Milan,1,3,A,1,1,D,10,18,3,8,15,7,5,8,2,1,0,0
21/22,09/05/22,Fiorentina,Roma,2,0,H,2,0,H,12,6,7,1,16,11,5,3,3,1,0,0
21/22,14/05/22,Empoli,Salernitana,1,1,D,1,0,H,16,28,6,9,18,8,3,11,2,2,0,0
21/22,14/05/22,Udinese,Spezia,2,3,A,1,2,A,17,10,6,6,19,10,4,2,3,2,0,0
21/22,14/05/22,Verona,Torino,0,1,A,0,1,A,10,11,5,5,17,18,4,4,4,2,0,0
21/22,14/05/22,Roma,Venezia,1,1,D,0,1,A,46,4,16,2,11,14,20,2,2,5,0,1
21/22,15/05/22,Bologna,Sassuolo,1,3,A,0,1,A,8,16,2,7,9,10,4,9,0,1,0,0
21/22,15/05/22,Napoli,Genoa,3,0,H,1,0,H,17,11,9,3,13,15,9,2,1,1,0,0
21/22,15/05/22,Milan,Atalanta,2,0,H,0,0,D,12,12,6,2,8,14,4,6,3,2,0,0
21/22,15/05/22,Cagliari,Inter,1,3,A,0,1,A,10,17,2,7,12,15,2,5,0,2,0,0
21/22,16/05/22,Sampdoria,Fiorentina,4,1,H,2,0,H,12,12,5,1,18,9,4,5,2,3,1,0
21/22,16/05/22,Juventus,Lazio,2,2,D,2,0,H,4,18,2,7,16,13,0,9,3,3,0,0
21/22,20/05/22,Torino,Roma,0,3,A,0,2,A,13,14,2,6,10,10,5,6,2,2,0,0
21/22,21/05/22,Genoa,Bologna,0,1,A,0,0,D,18,11,5,4,17,10,9,9,3,1,0,0
21/22,21/05/22,Atalanta,Empoli,0,1,A,0,0,D,40,7,10,3,6,7,15,2,1,1,0,0
21/22,21/05/22,Fiorentina,Juventus,2,0,H,1,0,H,13,1,4,0,13,14,6,2,3,3,0,0
21/22,21/05/22,Lazio,Verona,3,3,D,2,2,D,19,10,7,7,9,19,6,4,2,6,0,0
21/22,22/05/22,Spezia,Napoli,0,3,A,0,3,A,16,10,4,4,10,9,4,2,1,2,0,0
21/22,22/05/22,Inter,Sampdoria,3,0,H,0,0,D,27,9,12,3,6,12,8,2,1,2,0,0
21/22,22/05/22,Sassuolo,Milan,0,3,A,0,3,A,15,18,3,12,8,13,3,7,2,1,0,0
21/22,22/05/22,Salernitana,Udinese,0,4,A,0,3,A,25,19,10,11,11,12,7,1,1,1,0,0
21/22,22/05/22,Venezia,Cagliari,0,0,D,0,0,D,7,31,1,7,6,19,6,11,0,3,0,0
22/23,13/08/22,Milan,Udinese,4,2,H,2,2,D,14,9,5,4,16,13,5,1,1,4,0,0
22/23,13/08/22,Sampdoria,Atalanta,0,2,A,0,1,A,11,9,1,3,13,21,3,2,4,6,0,0
22/23,13/08/22,Lecce,Inter,1,2,A,0,1,A,10,19,4,9,21,19,6,8,4,2,0,0
22/23,13/08/22,Monza,Torino,1,2,A,0,1,A,15,13,4,6,6,17,2,7,1,2,0,0
22/23,14/08/22,Fiorentina,Cremonese,3,2,H,2,1,H,27,13,11,4,10,19,11,4,0,3,0,1
22/23,14/08/22,Lazio,Bologna,2,1,H,0,1,A,9,11,6,3,11,18,3,2,2,6,1,1
22/23,14/08/22,Salernitana,Roma,0,1,A,0,1,A,13,20,2,5,18,9,4,2,3,2,0,0
22/23,14/08/22,Spezia,Empoli,1,0,H,1,0,H,9,18,2,5,15,8,6,4,2,1,0,0
22/23,15/08/22,Verona,Napoli,2,5,A,1,2,A,6,25,3,8,15,6,4,8,2,2,0,0
22/23,15/08/22,Juventus,Sassuolo,3,0,H,2,0,H,14,19,4,7,7,5,3,2,1,3,0,0
22/23,20/08/22,Torino,Lazio,0,0,D,0,0,D,10,7,1,2,11,12,6,4,0,5,0,0
22/23,20/08/22,Udinese,Salernitana,0,0,D,0,0,D,15,17,2,6,9,12,6,6,2,4,1,0
22/23,20/08/22,Inter,Spezia,3,0,H,1,0,H,19,2,8,0,11,7,10,4,0,0,0,0
22/23,20/08/22,Sassuolo,Lecce,1,0,H,1,0,H,12,7,3,1,14,12,5,4,5,1,0,0
22/23,21/08/22,Empoli,Fiorentina,0,0,D,0,0,D,4,19,2,2,13,11,1,9,1,3,1,0
22/23,21/08/22,Napoli,Monza,4,0,H,2,0,H,22,4,5,1,11,13,10,4,2,1,0,0
22/23,21/08/22,Atalanta,Milan,1,1,D,1,0,H,11,18,2,7,15,6,4,6,4,3,0,0
22/23,21/08/22,Bologna,Verona,1,1,D,1,1,D,17,19,5,3,10,14,9,8,3,3,1,0
22/23,22/08/22,Roma,Cremonese,1,0,H,0,0,D,27,14,12,3,7,14,5,6,0,3,0,0
22/23,22/08/22,Sampdoria,Juventus,0,0,D,0,0,D,10,10,1,4,8,14,3,4,3,2,0,0
22/23,26/08/22,Monza,Udinese,1,2,A,1,1,D,10,15,5,4,16,10,3,5,3,2,0,0
22/23,26/08/22,Lazio,Inter,3,1,H,1,0,H,11,19,7,7,5,12,2,4,2,1,0,0
22/23,27/08/22,Cremonese,Torino,1,2,A,0,1,A,16,14,6,5,9,21,3,3,0,3,0,0
22/23,27/08/22,Juventus,Roma,1,1,D,1,0,H,14,8,3,4,16,7,4,5,2,2,0,0
22/23,27/08/22,Milan,Bologna,2,0,H,1,0,H,19,8,7,0,13,9,5,1,2,1,0,0
22/23,27/08/22,Spezia,Sassuolo,2,2,D,2,1,H,7,21,2,8,17,10,2,6,2,1,1,0
22/23,28/08/22,Salernitana,Sampdoria,4,0,H,2,0,H,9,17,6,6,19,14,6,3,2,2,0,0
22/23,28/08/22,Verona,Atalanta,0,1,A,0,0,D,14,15,2,7,15,7,7,6,3,3,0,0
22/23,28/08/22,Fiorentina,Napoli,0,0,D,0,0,D,10,13,5,2,12,14,2,3,2,3,0,0
22/23,28/08/22,Lecce,Empoli,1,1,D,1,1,D,15,9,5,3,10,5,3,5,1,2,0,0
22/23,30/08/22,Sassuolo,Milan,0,0,D,0,0,D,8,10,3,2,14,13,3,8,5,2,0,0
22/23,30/08/22,Inter,Cremonese,3,1,H,2,0,H,18,11,7,4,6,14,6,6,0,3,0,0
22/23,30/08/22,Roma,Monza,3,0,H,2,0,H,14,13,7,1,10,7,5,4,0,3,0,0
22/23,31/08/22,Empoli,Verona,1,1,D,1,0,H,16,9,4,3,5,21,7,10,0,4,0,0
22/23,31/08/22,Sampdoria,Lazio,1,1,D,0,1,A,10,13,3,6,10,7,5,7,0,2,0,0
22/23,31/08/22,Udinese,Fiorentina,1,0,H,1,0,H,8,12,3,2,13,9,3,7,1,2,0,0
22/23,31/08/22,Juventus,Spezia,2,0,H,1,0,H,15,9,3,0,1,4,7,3,0,2,0,0
22/23,31/08/22,Napoli,Lecce,1,1,D,1,1,D,19,9,7,4,1,3,6,4,1,4,0,0
22/23,01/09/22,Atalanta,Torino,3,1,H,1,0,H,12,8,5,2,14,13,7,2,1,3,0,0
22/23,01/09/22,Bologna,Salernitana,1,1,D,0,0,D,11,20,4,4,10,11,1,8,2,2,0,0
22/23,03/09/22,Fiorentina,Juventus,1,1,D,1,1,D,17,4,5,1,13,12,10,2,1,3,0,0
22/23,03/09/22,Milan,Inter,3,2,H,1,1,D,21,16,5,5,10,12,2,5,5,2,0,0
22/23,03/09/22,Lazio,Napoli,1,2,A,1,1,D,8,19,2,7,12,14,6,8,4,0,0,0
22/23,04/09/22,Cremonese,Sassuolo,0,0,D,0,0,D,10,17,0,7,16,6,2,3,1,1,0,0
22/23,04/09/22,Spezia,Bologna,2,2,D,1,1,D,15,13,5,6,12,5,7,2,4,1,0,0
22/23,04/09/22,Verona,Sampdoria,2,1,H,2,1,H,17,11,9,3,16,11,7,2,2,2,0,0
22/23,04/09/22,Udinese,Roma,4,0,H,1,0,H,11,12,5,2,16,13,3,7,3,2,0,0
22/23,05/09/22,Monza,Atalanta,0,2,A,0,0,D,11,13,3,6,9,10,4,9,1,1,0,0
22/23,05/09/22,Salernitana,Empoli,2,2,D,1,1,D,15,11,4,5,7,9,6,7,3,2,0,0
22/23,05/09/22,Torino,Lecce,1,0,H,1,0,H,13,10,4,2,16,8,4,4,2,1,0,0
22/23,10/09/22,Napoli,Spezia,1,0,H,0,0,D,28,10,6,1,6,14,10,5,1,2,0,0
22/23,10/09/22,Inter,Torino,1,0,H,0,0,D,16,9,3,7,8,17,6,5,1,2,0,0
22/23,10/09/22,Sampdoria,Milan,1,2,A,0,1,A,10,15,4,4,12,10,2,4,5,2,0,1
22/23,11/09/22,Atalanta,Cremonese,1,1,D,0,0,D,14,7,6,4,9,17,3,3,2,5,0,0
22/23,11/09/22,Bologna,Fiorentina,2,1,H,0,0,D,12,13,4,2,8,13,6,8,1,4,0,1
22/23,11/09/22,Lecce,Monza,1,1,D,0,1,A,7,2,3,1,18,22,8,5,3,3,0,0
22/23,11/09/22,Sassuolo,Udinese,1,3,A,1,0,H,5,17,2,4,7,15,5,6,1,3,1,0
22/23,11/09/22,Lazio,Verona,2,0,H,0,0,D,15,7,6,1,5,23,3,5,2,5,0,0
22/23,11/09/22,Juventus,Salernitana,2,2,D,0,2,A,22,11,7,5,13,15,8,2,5,4,2,1
22/23,12/09/22,Empoli,Roma,1,2,A,1,1,D,20,13,3,7,13,12,7,7,3,1,1,0
22/23,16/09/22,Salernitana,Lecce,1,2,A,0,1,A,8,13,4,4,9,11,4,5,1,3,0,0
22/23,17/09/22,Bologna,Empoli,0,1,A,0,0,D,16,12,3,5,11,16,5,8,2,3,0,0
22/23,17/09/22,Spezia,Sampdoria,2,1,H,1,1,D,6,11,3,8,17,14,3,6,4,5,0,0
22/23,17/09/22,Torino,Sassuolo,0,1,A,0,0,D,12,10,3,5,13,7,4,3,4,1,0,0
22/23,18/09/22,Udinese,Inter,3,1,H,1,1,D,20,14,6,3,11,13,7,4,3,4,0,0
22/23,18/09/22,Cremonese,Lazio,0,4,A,0,3,A,18,14,3,6,12,9,8,5,1,1,0,0
22/23,18/09/22,Fiorentina,Verona,2,0,H,1,0,H,15,8,9,1,18,17,7,3,4,4,0,0
22/23,18/09/22,Monza,Juventus,1,0,H,0,0,D,17,10,4,2,16,17,5,3,2,1,0,1
22/23,18/09/22,Roma,Atalanta,0,1,A,0,1,A,21,4,5,1,9,19,5,1,0,7,0,0
22/23,18/09/22,Milan,Napoli,1,2,A,0,0,D,22,9,5,4,18,11,9,4,4,3,0,0
22/23,01/10/22,Napoli,Torino,3,1,H,3,1,H,15,16,7,3,4,17,4,4,0,2,0,0
22/23,01/10/22,Inter,Roma,1,2,A,1,1,D,15,10,2,3,15,14,5,1,4,3,0,0
22/23,01/10/22,Empoli,Milan,1,3,A,0,0,D,16,19,4,6,15,10,3,7,4,2,0,0
22/23,02/10/22,Lazio,Spezia,4,0,H,2,0,H,13,14,6,2,3,14,3,6,0,2,0,0
22/23,02/10/22,Lecce,Cremonese,1,1,D,1,1,D,6,13,1,4,11,15,1,8,3,1,0,0
22/23,02/10/22,Sampdoria,Monza,0,3,A,0,1,A,3,13,1,6,16,24,2,4,2,2,0,0
22/23,02/10/22,Sassuolo,Salernitana,5,0,H,2,0,H,17,6,11,1,10,8,1,2,1,1,0,0
22/23,02/10/22,Atalanta,Fiorentina,1,0,H,0,0,D,10,16,5,5,12,10,1,5,2,2,0,0
22/23,02/10/22,Juventus,Bologna,3,0,H,1,0,H,17,9,6,1,11,15,2,4,0,1,0,0
22/23,03/10/22,Verona,Udinese,1,2,A,1,0,H,7,21,2,8,15,11,4,9,3,3,0,0
22/23,08/10/22,Sassuolo,Inter,1,2,A,0,1,A,15,16,3,4,14,17,6,5,3,2,0,0
22/23,08/10/22,Milan,Juventus,2,0,H,1,0,H,21,10,3,3,7,7,9,3,2,3,0,0
22/23,08/10/22,Bologna,Sampdoria,1,1,D,1,0,H,10,9,3,3,17,21,2,5,2,3,0,0
22/23,09/10/22,Torino,Empoli,1,1,D,0,0,D,20,6,7,2,15,9,6,1,2,4,0,0
22/23,09/10/22,Monza,Spezia,2,0,H,1,0,H,7,9,4,1,10,20,3,6,3,2,0,0
22/23,09/10/22,Salernitana,Verona,2,1,H,1,0,H,14,12,4,2,9,15,1,6,3,3,1,1
22/23,09/10/22,Udinese,Atalanta,2,2,D,0,1,A,10,9,2,5,11,12,5,3,2,3,0,0
22/23,09/10/22,Cremonese,Napoli,1,4,A,0,1,A,12,21,1,10,18,6,5,2,2,0,0,0
22/23,09/10/22,Roma,Lecce,2,1,H,1,1,D,20,6,6,3,12,11,13,4,2,2,0,1
22/23,10/10/22,Fiorentina,Lazio,0,4,A,0,2,A,24,10,3,6,17,9,9,2,4,1,0,0
22/23,15/10/22,Empoli,Monza,1,0,H,1,0,H,11,16,5,4,17,14,2,9,5,3,0,1
22/23,15/10/22,Torino,Juventus,0,1,A,0,0,D,15,14,2,8,11,8,3,6,2,0,0,0
22/23,15/10/22,Atalanta,Sassuolo,2,1,H,1,1,D,16,11,4,3,10,8,3,3,1,4,0,0
22/23,16/10/22,Inter,Salernitana,2,0,H,1,0,H,16,8,6,3,12,14,6,4,0,1,0,0
22/23,16/10/22,Lazio,Udinese,0,0,D,0,0,D,8,12,3,2,8,11,7,3,1,4,0,0
22/23,16/10/22,Spezia,Cremonese,2,2,D,2,1,H,15,24,6,4,12,11,6,8,2,0,0,0
22/23,16/10/22,Napoli,Bologna,3,2,H,1,1,D,30,16,11,3,6,10,6,4,0,4,0,0
22/23,16/10/22,Verona,Milan,1,2,A,1,1,D,19,16,5,6,7,9,9,3,3,2,0,0
22/23,17/10/22,Sampdoria,Roma,0,1,A,0,1,A,8,7,1,4,20,20,4,3,5,3,0,0
22/23,17/10/22,Lecce,Fiorentina,1,1,D,1,0,H,6,10,2,5,15,16,2,8,5,5,1,0
22/23,21/10/22,Juventus,Empoli,4,0,H,1,0,H,21,12,7,4,13,11,6,4,2,2,0,0
22/23,22/10/22,Salernitana,Spezia,1,0,H,0,0,D,17,14,4,2,9,8,4,7,2,4,0,0
22/23,22/10/22,Milan,Monza,4,1,H,2,0,H,12,16,7,6,18,9,2,2,1,1,0,0
22/23,22/10/22,Fiorentina,Inter,3,4,A,1,2,A,10,8,4,7,15,14,1,2,4,3,0,0
22/23,23/10/22,Udinese,Torino,1,2,A,1,1,D,16,15,4,4,12,15,7,4,3,4,0,0
22/23,23/10/22,Bologna,Lecce,2,0,H,2,0,H,12,9,3,3,11,14,9,4,5,2,0,0
22/23,23/10/22,Atalanta,Lazio,0,2,A,0,1,A,7,12,0,5,15,9,5,8,4,2,1,0
22/23,23/10/22,Roma,Napoli,0,1,A,0,0,D,6,12,0,5,14,12,3,4,3,4,0,0
22/23,24/10/22,Cremonese,Sampdoria,0,1,A,0,0,D,21,8,4,4,16,15,5,1,3,4,0,0
22/23,24/10/22,Sassuolo,Verona,2,1,H,1,1,D,14,13,3,5,7,19,4,5,1,3,0,0
22/23,29/10/22,Napoli,Sassuolo,4,0,H,3,0,H,18,10,6,6,5,6,11,5,0,3,0,1
22/23,29/10/22,Lecce,Juventus,0,1,A,0,0,D,5,13,0,5,16,13,7,7,3,5,0,0
22/23,29/10/22,Inter,Sampdoria,3,0,H,2,0,H,17,9,8,2,5,13,3,3,1,6,0,0
22/23,30/10/22,Empoli,Atalanta,0,2,A,0,1,A,13,20,3,6,10,13,7,2,2,1,0,0
22/23,30/10/22,Cremonese,Udinese,0,0,D,0,0,D,13,13,2,3,8,9,7,4,1,0,0,0
22/23,30/10/22,Spezia,Fiorentina,1,2,A,1,1,D,10,27,6,5,19,14,5,5,5,3,1,0
22/23,30/10/22,Lazio,Salernitana,1,3,A,1,0,H,13,10,4,6,10,7,4,5,3,3,0,0
22/23,30/10/22,Torino,Milan,2,1,H,2,0,H,7,12,4,1,11,16,6,1,5,2,0,0
22/23,31/10/22,Verona,Roma,1,3,A,1,1,D,7,14,3,6,9,9,2,4,3,1,1,0
22/23,31/10/22,Monza,Bologna,1,2,A,0,0,D,9,10,3,5,13,18,4,5,4,2,0,0
22/23,04/11/22,Udinese,Lecce,1,1,D,0,1,A,16,9,5,1,12,18,3,2,2,3,0,0
22/23,05/11/22,Empoli,Sassuolo,1,0,H,0,0,D,17,10,1,3,11,11,3,6,2,0,0,0
22/23,05/11/22,Salernitana,Cremonese,2,2,D,2,1,H,11,11,2,5,14,10,2,2,2,2,0,0
22/23,05/11/22,Atalanta,Napoli,1,2,A,1,2,A,17,7,4,5,10,9,5,2,5,1,0,0
22/23,05/11/22,Milan,Spezia,2,1,H,1,0,H,23,13,11,5,12,13,3,6,6,4,1,0
22/23,06/11/22,Bologna,Torino,2,1,H,0,1,A,9,7,5,2,14,17,3,1,3,3,0,0
22/23,06/11/22,Monza,Verona,2,0,H,0,0,D,14,7,3,2,10,10,5,2,3,1,0,1
22/23,06/11/22,Sampdoria,Fiorentina,0,2,A,0,1,A,14,5,2,4,10,18,4,4,1,0,0,0
22/23,06/11/22,Roma,Lazio,0,1,A,0,1,A,8,5,2,3,18,14,4,2,2,3,0,0
22/23,06/11/22,Juventus,Inter,2,0,H,0,0,D,8,14,3,4,16,13,2,8,2,2,0,0
22/23,08/11/22,Napoli,Empoli,2,0,H,0,0,D,18,6,4,1,12,16,5,0,1,6,0,1
22/23,08/11/22,Spezia,Udinese,1,1,D,1,1,D,21,10,6,2,12,12,9,0,3,3,0,0
22/23,08/11/22,Cremonese,Milan,0,0,D,0,0,D,6,16,1,5,16,10,2,4,4,3,0,0
22/23,09/11/22,Lecce,Atalanta,2,1,H,2,1,H,15,12,3,4,11,12,4,3,1,2,0,0
22/23,09/11/22,Sassuolo,Roma,1,1,D,0,0,D,14,10,6,4,11,11,3,2,5,3,0,0
22/23,09/11/22,Fiorentina,Salernitana,2,1,H,1,0,H,18,4,7,1,10,11,4,3,0,1,0,0
22/23,09/11/22,Inter,Bologna,6,1,H,3,1,H,13,10,7,4,10,11,4,4,1,5,0,0
22/23,09/11/22,Torino,Sampdoria,2,0,H,1,0,H,8,11,5,1,14,21,4,3,1,3,0,0
22/23,10/11/22,Verona,Juventus,0,1,A,0,0,D,15,11,2,3,14,13,5,4,3,2,0,1
22/23,10/11/22,Lazio,Monza,1,0,H,0,0,D,12,8,4,0,15,14,4,3,2,1,0,0
22/23,11/11/22,Empoli,Cremonese,2,0,H,0,0,D,13,19,6,5,9,14,4,9,1,2,0,0
22/23,12/11/22,Napoli,Udinese,3,2,H,2,0,H,15,10,5,4,12,13,5,3,2,3,0,0
22/23,12/11/22,Sampdoria,Lecce,0,2,A,0,1,A,11,11,2,3,14,19,9,0,2,3,0,0
22/23,12/11/22,Bologna,Sassuolo,3,0,H,1,0,H,8,9,4,3,12,6,4,6,1,0,0,0
22/23,13/11/22,Atalanta,Inter,2,3,A,1,1,D,19,14,7,3,10,11,5,4,0,3,0,0
22/23,13/11/22,Monza,Salernitana,3,0,H,2,0,H,19,5,7,0,9,11,6,1,0,2,0,1
22/23,13/11/22,Roma,Torino,1,1,D,0,0,D,13,10,4,2,13,10,7,0,3,2,0,0
22/23,13/11/22,Verona,Spezia,1,2,A,1,0,H,18,16,5,9,13,21,2,10,2,4,0,0
22/23,13/11/22,Milan,Fiorentina,2,1,H,1,1,D,12,11,3,5,13,11,5,7,1,4,0,0
22/23,13/11/22,Juventus,Lazio,3,0,H,1,0,H,13,10,9,3,10,8,2,6,2,1,0,0
22/23,04/01/23,Salernitana,Milan,1,2,A,0,2,A,8,16,1,10,21,13,6,2,4,1,0,0
22/23,04/01/23,Sassuolo,Sampdoria,1,2,A,0,2,A,16,9,4,4,16,19,9,1,2,3,0,0
22/23,04/01/23,Spezia,Atalanta,2,2,D,2,0,H,7,19,3,3,11,11,3,8,3,3,0,0
22/23,04/01/23,Torino,Verona,1,1,D,0,1,A,9,10,3,2,7,17,6,3,1,1,0,0
22/23,04/01/23,Lecce,Lazio,2,1,H,0,1,A,11,8,4,2,16,13,4,3,3,2,0,0
22/23,04/01/23,Roma,Bologna,1,0,H,1,0,H,14,10,4,2,10,10,3,3,2,3,0,0
22/23,04/01/23,Cremonese,Juventus,0,1,A,0,0,D,13,19,3,8,12,12,3,8,5,3,0,0
22/23,04/01/23,Fiorentina,Monza,1,1,D,1,0,H,22,10,6,3,11,13,9,1,1,3,0,0
22/23,04/01/23,Inter,Napoli,1,0,H,0,0,D,6,9,1,2,12,7,5,4,3,2,0,0
22/23,04/01/23,Udinese,Empoli,1,1,D,0,1,A,21,6,3,1,15,14,8,1,2,3,0,1
22/23,07/01/23,Fiorentina,Sassuolo,2,1,H,0,0,D,14,17,5,4,14,9,6,3,4,3,0,0
22/23,07/01/23,Juventus,Udinese,1,0,H,0,0,D,14,11,4,3,16,13,6,4,1,2,0,0
22/23,07/01/23,Monza,Inter,2,2,D,1,2,A,13,11,4,3,14,20,3,5,0,3,0,0
22/23,08/01/23,Salernitana,Torino,1,1,D,0,1,A,11,23,4,8,10,15,6,7,2,3,0,0
22/23,08/01/23,Lazio,Empoli,2,2,D,1,0,H,18,5,4,2,17,10,10,3,4,1,0,0
22/23,08/01/23,Spezia,Lecce,0,0,D,0,0,D,10,15,2,4,14,15,5,7,0,1,0,0
22/23,08/01/23,Sampdoria,Napoli,0,2,A,0,1,A,9,24,2,8,15,12,2,5,3,2,1,0
22/23,08/01/23,Milan,Roma,2,2,D,1,0,H,12,12,5,3,19,13,3,4,4,7,0,0
22/23,09/01/23,Verona,Cremonese,2,0,H,2,0,H,9,15,4,5,16,11,3,5,3,4,0,0
22/23,09/01/23,Bologna,Atalanta,1,2,A,1,0,H,12,7,3,3,16,15,4,0,3,2,0,0
22/23,13/01/23,Napoli,Juventus,5,1,H,2,1,H,14,11,10,2,10,9,2,5,0,1,0,0
22/23,14/01/23,Cremonese,Monza,2,3,A,0,2,A,11,8,7,3,12,12,4,2,2,4,0,0
22/23,14/01/23,Lecce,Milan,2,2,D,2,0,H,17,12,3,5,11,12,8,4,1,2,0,0
22/23,14/01/23,Inter,Verona,1,0,H,1,0,H,11,6,3,1,11,13,3,4,0,3,0,0
22/23,15/01/23,Sassuolo,Lazio,0,2,A,0,1,A,12,12,2,3,17,10,7,3,5,3,0,0
22/23,15/01/23,Torino,Spezia,0,1,A,0,1,A,11,13,4,5,13,12,7,2,3,3,0,0
22/23,15/01/23,Udinese,Bologna,1,2,A,1,0,H,20,15,4,2,10,17,6,4,1,3,0,0
22/23,15/01/23,Atalanta,Salernitana,8,2,H,5,1,H,19,7,13,2,10,12,5,2,1,0,0,0
22/23,15/01/23,Roma,Fiorentina,2,0,H,1,0,H,10,7,4,3,15,12,5,9,3,4,0,1
22/23,16/01/23,Empoli,Sampdoria,1,0,H,0,0,D,16,16,5,7,15,16,3,3,5,6,0,0
22/23,21/01/23,Verona,Lecce,2,0,H,1,0,H,11,9,4,3,15,12,5,4,3,0,0,0
22/23,21/01/23,Salernitana,Napoli,0,2,A,0,1,A,5,9,2,4,14,15,3,4,2,2,0,0
22/23,21/01/23,Fiorentina,Torino,0,1,A,0,1,A,19,9,5,3,9,23,5,3,2,2,0,0
22/23,22/01/23,Sampdoria,Udinese,0,1,A,0,0,D,9,14,1,5,15,17,6,6,3,1,0,0
22/23,22/01/23,Monza,Sassuolo,1,1,D,0,1,A,14,13,3,1,17,18,10,4,2,2,0,0
22/23,22/01/23,Spezia,Roma,0,2,A,0,1,A,8,13,0,3,17,11,4,0,3,1,0,0
22/23,22/01/23,Juventus,Atalanta,3,3,D,2,1,H,15,14,8,4,9,6,6,4,1,2,0,0
22/23,23/01/23,Bologna,Cremonese,1,1,D,0,0,D,21,9,8,2,11,13,4,1,2,5,0,0
22/23,23/01/23,Inter,Empoli,0,1,A,0,0,D,16,13,1,8,13,16,2,3,4,3,1,0
22/23,24/01/23,Lazio,Milan,4,0,H,2,0,H,10,10,5,3,14,11,3,4,1,2,0,0
22/23,27/01/23,Bologna,Spezia,2,0,H,1,0,H,18,6,6,4,8,16,5,5,2,2,0,0
22/23,27/01/23,Lecce,Salernitana,1,2,A,1,2,A,15,10,5,6,14,11,4,4,2,4,0,0
22/23,28/01/23,Empoli,Torino,2,2,D,1,0,H,11,16,4,4,12,9,5,5,2,0,0,0
22/23,28/01/23,Cremonese,Inter,1,2,A,1,1,D,12,30,4,10,7,12,2,14,0,2,0,0
22/23,28/01/23,Atalanta,Sampdoria,2,0,H,1,0,H,21,15,5,5,17,11,7,4,0,2,0,0
22/23,29/01/23,Milan,Sassuolo,2,5,A,1,3,A,10,9,5,7,13,8,2,3,7,4,0,0
22/23,29/01/23,Juventus,Monza,0,2,A,0,2,A,22,3,8,3,12,10,12,1,0,2,0,0
22/23,29/01/23,Lazio,Fiorentina,1,1,D,1,0,H,13,17,1,6,12,17,3,4,2,3,0,0
22/23,29/01/23,Napoli,Roma,2,1,H,1,0,H,11,11,6,3,8,14,3,8,1,2,0,0
22/23,30/01/23,Udinese,Verona,1,1,D,1,1,D,26,10,8,2,9,11,14,6,1,3,0,0
22/23,04/02/23,Cremonese,Lecce,0,2,A,0,0,D,12,9,3,4,12,15,4,8,1,2,0,0
22/23,04/02/23,Roma,Empoli,2,0,H,2,0,H,12,11,6,2,10,18,7,7,2,1,0,0
22/23,04/02/23,Sassuolo,Atalanta,1,0,H,0,0,D,18,7,8,2,12,13,2,7,5,1,0,2
22/23,05/02/23,Spezia,Napoli,0,3,A,0,0,D,9,12,3,5,19,18,3,6,3,2,0,0
22/23,05/02/23,Torino,Udinese,1,0,H,0,0,D,11,11,3,3,13,8,6,5,1,1,0,0
22/23,05/02/23,Fiorentina,Bologna,1,2,A,1,1,D,18,11,6,7,10,25,5,3,2,4,0,0
22/23,05/02/23,Inter,Milan,1,0,H,1,0,H,15,4,4,0,13,14,8,0,2,5,0,0
22/23,06/02/23,Verona,Lazio,1,1,D,0,1,A,15,9,4,2,16,12,6,5,4,1,0,0
22/23,06/02/23,Monza,Sampdoria,2,2,D,1,1,D,17,11,5,6,12,12,9,3,2,4,0,0
22/23,07/02/23,Salernitana,Juventus,0,3,A,0,2,A,10,17,1,5,9,12,6,3,1,1,0,0
22/23,10/02/23,Milan,Torino,1,0,H,0,0,D,9,12,4,2,10,20,3,8,1,4,0,0
22/23,11/02/23,Empoli,Spezia,2,2,D,0,2,A,25,9,8,3,10,13,7,3,1,5,1,1
22/23,11/02/23,Lecce,Roma,1,1,D,1,1,D,8,12,3,5,24,8,3,7,4,1,0,0
22/23,11/02/23,Lazio,Atalanta,0,2,A,0,1,A,13,23,5,10,12,14,5,7,1,2,0,0
22/23,12/02/23,Udinese,Sassuolo,2,2,D,2,2,D,17,6,8,1,12,8,10,7,2,2,0,0
22/23,12/02/23,Bologna,Monza,0,1,A,0,1,A,12,5,3,4,15,18,3,2,1,4,0,0
22/23,12/02/23,Juventus,Fiorentina,1,0,H,1,0,H,7,11,3,2,11,17,5,6,5,2,0,0
22/23,12/02/23,Napoli,Cremonese,3,0,H,1,0,H,15,6,10,1,7,7,9,7,0,2,0,0
22/23,13/02/23,Verona,Salernitana,1,0,H,1,0,H,14,8,4,3,14,21,5,1,2,3,0,0
22/23,13/02/23,Sampdoria,Inter,0,0,D,0,0,D,7,25,2,5,13,11,3,7,3,1,0,0
22/23,17/02/23,Sassuolo,Napoli,0,2,A,0,2,A,11,15,2,4,12,10,1,3,2,2,0,0
22/23,18/02/23,Sampdoria,Bologna,1,2,A,0,1,A,9,12,4,5,13,13,1,8,3,1,0,0
22/23,18/02/23,Monza,Milan,0,1,A,0,1,A,11,14,5,8,10,18,10,3,4,2,0,0
22/23,18/02/23,Inter,Udinese,3,1,H,1,1,D,19,9,7,1,15,14,3,8,2,2,0,0
22/23,19/02/23,Atalanta,Lecce,1,2,A,0,1,A,20,4,10,2,10,12,6,1,3,3,0,0
22/23,19/02/23,Fiorentina,Empoli,1,1,D,0,1,A,27,5,4,3,8,15,13,1,1,5,0,0
22/23,19/02/23,Salernitana,Lazio,0,2,A,0,0,D,9,21,2,7,10,7,2,9,5,1,1,0
22/23,19/02/23,Spezia,Juventus,0,2,A,0,1,A,18,15,7,3,8,9,7,4,2,2,0,0
22/23,19/02/23,Roma,Verona,1,0,H,1,0,H,9,7,5,1,15,19,5,1,1,2,0,0
22/23,20/02/23,Torino,Cremonese,2,2,D,1,0,H,16,11,6,2,9,12,5,1,3,1,0,0
22/23,25/02/23,Empoli,Napoli,0,2,A,0,2,A,9,19,2,6,10,9,4,13,2,1,0,1
22/23,25/02/23,Lecce,Sassuolo,0,1,A,0,0,D,16,7,0,3,17,7,4,7,2,2,0,0
22/23,26/02/23,Bologna,Inter,1,0,H,0,0,D,14,13,5,4,7,14,1,6,1,2,0,0
22/23,26/02/23,Salernitana,Monza,3,0,H,0,0,D,12,14,5,3,12,16,1,3,2,4,0,1
22/23,26/02/23,Udinese,Spezia,2,2,D,1,1,D,15,9,6,2,11,16,5,2,2,2,0,0
22/23,26/02/23,Milan,Atalanta,2,0,H,1,0,H,13,3,3,0,11,11,4,3,3,2,0,0
22/23,27/02/23,Verona,Fiorentina,0,3,A,0,2,A,12,16,3,7,15,11,4,2,3,3,0,0
22/23,27/02/23,Lazio,Sampdoria,1,0,H,0,0,D,15,8,4,2,10,13,8,3,2,2,0,0
22/23,28/02/23,Cremonese,Roma,2,1,H,1,0,H,6,10,2,3,17,11,3,3,3,2,0,0
22/23,28/02/23,Juventus,Torino,4,2,H,2,2,D,13,8,6,3,5,13,3,7,0,2,0,0
22/23,03/03/23,Napoli,Lazio,0,1,A,0,0,D,14,5,2,2,13,8,8,3,2,2,0,0
22/23,04/03/23,Monza,Empoli,2,1,H,1,0,H,10,18,3,3,10,12,1,8,2,3,0,0
22/23,04/03/23,Atalanta,Udinese,0,0,D,0,0,D,17,5,5,1,12,12,12,3,2,3,0,0
22/23,04/03/23,Fiorentina,Milan,2,1,H,0,0,D,16,8,8,6,12,17,11,5,3,3,0,0
22/23,05/03/23,Spezia,Verona,0,0,D,0,0,D,20,11,4,3,6,7,9,5,2,1,1,0
22/23,05/03/23,Sampdoria,Salernitana,0,0,D,0,0,D,9,10,3,4,18,13,2,6,3,4,0,0
22/23,05/03/23,Inter,Lecce,2,0,H,1,0,H,14,11,4,1,10,11,6,4,0,0,0,0
22/23,05/03/23,Roma,Juventus,1,0,H,0,0,D,6,14,2,5,11,10,2,6,3,2,0,1
22/23,06/03/23,Sassuolo,Cremonese,3,2,H,2,0,H,13,13,7,6,11,9,4,3,1,4,0,0
22/23,06/03/23,Torino,Bologna,1,0,H,1,0,H,12,11,5,1,9,10,3,3,2,2,0,0
22/23,10/03/23,Spezia,Inter,2,1,H,0,0,D,4,28,2,7,11,9,1,13,3,0,0,0
22/23,11/03/23,Empoli,Udinese,0,1,A,0,0,D,17,14,3,4,12,13,11,5,2,4,0,0
22/23,11/03/23,Napoli,Atalanta,2,0,H,0,0,D,18,6,6,3,12,11,10,4,1,2,0,0
22/23,11/03/23,Bologna,Lazio,0,0,D,0,0,D,16,5,2,2,11,8,5,2,2,3,0,0
22/23,12/03/23,Lecce,Torino,0,2,A,0,2,A,13,4,1,2,16,17,9,1,3,3,0,0
22/23,12/03/23,Cremonese,Fiorentina,0,2,A,0,1,A,16,10,5,3,10,17,1,6,1,2,0,0
22/23,12/03/23,Verona,Monza,1,1,D,0,0,D,8,9,3,3,17,12,7,2,2,0,0,0
22/23,12/03/23,Roma,Sassuolo,3,4,A,1,3,A,17,19,7,10,11,18,7,2,4,2,1,0
22/23,12/03/23,Juventus,Sampdoria,4,2,H,2,2,D,24,9,8,3,10,10,11,3,1,1,0,0
22/23,13/03/23,Milan,Salernitana,1,1,D,1,0,H,24,6,4,3,15,13,6,4,2,3,0,0
22/23,17/03/23,Sassuolo,Spezia,1,0,H,0,0,D,15,11,6,1,10,13,3,3,0,2,0,0
22/23,17/03/23,Atalanta,Empoli,2,1,H,0,1,A,27,5,6,2,11,10,13,2,3,2,0,0
22/23,18/03/23,Monza,Cremonese,1,1,D,0,0,D,15,8,7,2,12,12,8,4,3,5,0,0
22/23,18/03/23,Salernitana,Bologna,2,2,D,1,1,D,14,10,4,2,8,16,5,4,0,1,0,0
22/23,18/03/23,Udinese,Milan,3,1,H,2,1,H,14,10,5,6,16,9,5,6,4,2,0,0
22/23,19/03/23,Sampdoria,Verona,3,1,H,2,0,H,11,16,4,6,10,11,5,8,3,2,0,0
22/23,19/03/23,Fiorentina,Lecce,1,0,H,1,0,H,18,8,3,2,14,21,1,3,1,3,0,0
22/23,19/03/23,Torino,Napoli,0,4,A,0,2,A,12,12,2,6,14,14,5,4,1,1,0,0
22/23,19/03/23,Lazio,Roma,1,0,H,0,0,D,12,8,5,3,18,13,5,2,4,4,1,2
22/23,19/03/23,Inter,Juventus,0,1,A,0,1,A,18,7,3,3,6,18,6,4,3,4,1,1
22/23,01/04/23,Cremonese,Atalanta,1,3,A,0,1,A,15,12,4,4,13,10,0,6,3,2,0,0
22/23,01/04/23,Inter,Fiorentina,0,1,A,0,0,D,16,19,3,3,8,7,10,8,2,3,0,0
22/23,01/04/23,Juventus,Verona,1,0,H,0,0,D,10,9,2,3,14,22,3,5,1,2,0,0
22/23,02/04/23,Bologna,Udinese,3,0,H,2,0,H,11,15,4,5,17,10,2,7,1,1,0,0
22/23,02/04/23,Monza,Lazio,0,2,A,0,1,A,11,8,3,4,13,8,8,3,5,2,0,0
22/23,02/04/23,Spezia,Salernitana,1,1,D,0,1,A,14,12,3,2,12,12,9,5,0,1,0,0
22/23,02/04/23,Roma,Sampdoria,3,0,H,0,0,D,28,6,11,3,11,13,10,3,3,5,0,1
22/23,02/04/23,Napoli,Milan,0,4,A,0,2,A,20,14,4,8,11,9,10,4,1,2,0,0
22/23,03/04/23,Empoli,Lecce,1,0,H,0,0,D,14,5,7,0,10,15,3,4,3,2,1,0
22/23,03/04/23,Sassuolo,Torino,1,1,D,1,0,H,12,16,4,2,12,9,6,7,1,1,0,0
22/23,07/04/23,Salernitana,Inter,1,1,D,0,1,A,11,25,3,11,14,10,2,8,2,2,0,0
22/23,07/04/23,Lecce,Napoli,1,2,A,0,1,A,11,9,3,3,12,9,5,4,2,1,0,0
22/23,07/04/23,Milan,Empoli,0,0,D,0,0,D,23,2,4,1,11,8,9,0,2,2,0,0
22/23,08/04/23,Udinese,Monza,2,2,D,1,0,H,14,12,5,5,12,21,4,2,1,3,0,0
22/23,08/04/23,Fiorentina,Spezia,1,1,D,1,1,D,19,4,4,3,12,29,8,4,0,7,0,0
22/23,08/04/23,Atalanta,Bologna,0,2,A,0,0,D,15,13,6,6,6,5,6,0,3,2,0,0
22/23,08/04/23,Sampdoria,Cremonese,2,3,A,1,1,D,13,17,9,4,14,15,3,3,2,3,0,0
22/23,08/04/23,Torino,Roma,0,1,A,0,1,A,7,9,1,1,10,6,7,4,3,1,0,0
22/23,08/04/23,Verona,Sassuolo,2,1,H,0,1,A,11,17,3,5,12,14,4,10,3,4,0,0
22/23,08/04/23,Lazio,Juventus,2,1,H,1,1,D,9,11,4,4,11,15,6,6,2,5,0,0
22/23,14/04/23,Cremonese,Empoli,1,0,H,1,0,H,14,15,5,1,11,9,3,8,1,0,0,0
22/23,14/04/23,Spezia,Lazio,0,3,A,0,1,A,6,13,2,7,12,7,2,3,3,4,1,0
22/23,15/04/23,Bologna,Milan,1,1,D,1,1,D,6,19,2,5,12,17,2,6,3,4,0,0
22/23,15/04/23,Napoli,Verona,0,0,D,0,0,D,9,5,1,2,11,16,4,0,1,4,0,0
22/23,15/04/23,Inter,Monza,0,1,A,0,0,D,25,7,6,2,13,4,5,2,2,2,0,0
22/23,16/04/23,Lecce,Sampdoria,1,1,D,1,0,H,30,8,11,2,16,12,11,8,1,4,0,0
22/23,16/04/23,Torino,Salernitana,1,1,D,0,1,A,16,8,5,1,14,14,4,2,0,1,0,0
22/23,16/04/23,Sassuolo,Juventus,1,0,H,0,0,D,11,13,4,3,10,5,10,13,0,1,0,0
22/23,16/04/23,Roma,Udinese,3,0,H,1,0,H,12,10,7,2,18,11,6,2,1,4,0,0
22/23,17/04/23,Fiorentina,Atalanta,1,1,D,0,1,A,18,6,7,1,8,20,5,1,1,3,0,0
22/23,21/04/23,Verona,Bologna,2,1,H,1,0,H,9,17,5,7,11,11,4,2,2,4,0,0
22/23,22/04/23,Salernitana,Sassuolo,3,0,H,2,0,H,13,11,5,2,11,15,4,8,1,2,0,0
22/23,22/04/23,Lazio,Torino,0,1,A,0,1,A,10,7,5,3,13,13,3,4,2,4,0,0
22/23,22/04/23,Sampdoria,Spezia,1,1,D,1,0,H,13,19,3,7,9,11,9,9,1,1,0,0
22/23,23/04/23,Empoli,Inter,0,3,A,0,0,D,11,16,3,4,6,13,5,4,1,1,0,0
22/23,23/04/23,Monza,Fiorentina,3,2,H,2,2,D,13,10,5,5,18,15,5,3,3,3,0,0
22/23,23/04/23,Udinese,Cremonese,3,0,H,3,0,H,17,12,9,2,13,11,3,8,2,3,0,0
22/23,23/04/23,Milan,Lecce,2,0,H,1,0,H,8,9,5,4,6,10,4,2,1,0,0,0
22/23,23/04/23,Juventus,Napoli,0,1,A,0,0,D,7,17,4,6,15,11,3,6,4,1,0,0
22/23,24/04/23,Atalanta,Roma,3,1,H,1,0,H,7,14,4,1,15,11,3,4,3,1,0,0
22/23,28/04/23,Lecce,Udinese,1,0,H,0,0,D,15,10,3,3,21,12,7,4,4,2,0,0
22/23,28/04/23,Spezia,Monza,0,2,A,0,1,A,12,8,4,4,10,16,3,3,1,2,0,0
22/23,29/04/23,Roma,Milan,1,1,D,0,0,D,11,11,1,1,9,6,1,5,3,2,0,0
22/23,29/04/23,Torino,Atalanta,1,2,A,0,1,A,4,9,4,5,6,10,3,3,1,1,0,0
22/23,30/04/23,Inter,Lazio,3,1,H,0,1,A,25,9,9,5,13,14,2,3,2,3,0,0
22/23,30/04/23,Cremonese,Verona,1,1,D,1,0,H,12,14,5,6,10,16,3,5,0,0,1,0
22/23,30/04/23,Napoli,Salernitana,1,1,D,0,0,D,24,5,8,2,13,11,10,0,2,2,0,0
22/23,30/04/23,Sassuolo,Empoli,2,1,H,0,1,A,13,7,4,1,12,10,7,5,2,1,1,0
22/23,30/04/23,Fiorentina,Sampdoria,5,0,H,1,0,H,23,4,10,1,14,9,11,0,2,1,0,0
22/23,30/04/23,Bologna,Juventus,1,1,D,1,0,H,16,14,6,5,12,9,4,5,2,2,0,0
22/23,03/05/23,Atalanta,Spezia,3,2,H,1,1,D,14,9,6,4,8,10,12,3,0,3,0,0
22/23,03/05/23,Juventus,Lecce,2,1,H,2,1,H,16,14,4,5,11,10,6,7,2,2,0,0
22/23,03/05/23,Salernitana,Fiorentina,3,3,D,1,1,D,4,12,3,3,18,15,2,3,3,5,0,0
22/23,03/05/23,Sampdoria,Torino,0,2,A,0,1,A,7,12,0,4,13,11,2,3,3,2,1,0
22/23,03/05/23,Lazio,Sassuolo,2,0,H,1,0,H,13,13,5,2,13,13,1,2,3,5,0,0
22/23,03/05/23,Milan,Cremonese,1,1,D,0,0,D,18,6,5,2,12,12,10,0,0,3,0,1
22/23,03/05/23,Monza,Roma,1,1,D,1,1,D,8,14,4,8,13,15,4,3,3,4,0,1
22/23,03/05/23,Verona,Inter,0,6,A,0,3,A,7,20,2,10,4,11,2,7,0,0,0,0
22/23,04/05/23,Empoli,Bologna,3,1,H,2,0,H,13,18,3,3,15,16,2,5,3,0,0,0
22/23,04/05/23,Udinese,Napoli,1,1,D,1,0,H,7,7,3,4,15,13,2,6,1,0,0,0
22/23,06/05/23,Milan,Lazio,2,0,H,2,0,H,10,8,3,0,10,8,6,4,2,4,0,0
22/23,06/05/23,Roma,Inter,0,2,A,0,1,A,15,10,3,4,8,12,12,5,3,2,0,0
22/23,06/05/23,Cremonese,Spezia,2,0,H,1,0,H,9,18,4,8,9,6,3,13,0,2,0,0
22/23,07/05/23,Atalanta,Juventus,0,2,A,0,0,D,24,10,1,5,13,16,7,3,1,2,0,0
22/23,07/05/23,Torino,Monza,1,1,D,0,0,D,14,10,5,8,16,9,7,4,2,1,0,0
22/23,07/05/23,Napoli,Fiorentina,1,0,H,0,0,D,10,15,3,3,12,15,0,5,0,0,0,0
22/23,07/05/23,Lecce,Verona,0,1,A,0,0,D,15,9,2,3,11,13,4,4,2,5,0,0
22/23,08/05/23,Empoli,Salernitana,2,1,H,1,0,H,11,13,4,2,10,18,8,7,2,2,0,0
22/23,08/05/23,Udinese,Sampdoria,2,0,H,2,0,H,13,11,6,3,15,12,7,3,2,2,0,0
22/23,08/05/23,Sassuolo,Bologna,1,1,D,1,1,D,6,12,2,3,12,14,4,4,1,1,0,0
22/23,12/05/23,Lazio,Lecce,2,2,D,1,1,D,20,13,6,4,11,13,2,3,3,5,0,0
22/23,13/05/23,Salernitana,Atalanta,1,0,H,0,0,D,10,13,4,3,9,18,5,3,2,2,0,0
22/23,13/05/23,Spezia,Milan,2,0,H,0,0,D,14,14,4,3,15,11,6,9,1,1,0,0
22/23,13/05/23,Inter,Sassuolo,4,2,H,1,0,H,11,16,3,5,12,8,1,5,2,3,0,0
22/23,14/05/23,Verona,Torino,0,1,A,0,1,A,14,15,4,8,8,17,3,4,3,2,0,0
22/23,14/05/23,Fiorentina,Udinese,2,0,H,1,0,H,18,5,3,1,15,15,3,3,3,3,1,1
22/23,14/05/23,Monza,Napoli,2,0,H,1,0,H,10,20,4,7,11,13,6,10,1,1,0,0
22/23,14/05/23,Bologna,Roma,0,0,D,0,0,D,12,7,3,2,12,11,3,6,2,1,0,0
22/23,14/05/23,Juventus,Cremonese,2,0,H,0,0,D,24,3,7,2,15,5,7,0,2,0,0,0
22/23,15/05/23,Sampdoria,Empoli,1,1,D,1,0,H,13,16,3,4,16,14,1,2,3,4,0,0
22/23,19/05/23,Sassuolo,Monza,1,2,A,1,0,H,13,16,4,5,10,17,6,3,2,5,1,0
22/23,20/05/23,Cremonese,Bologna,1,5,A,0,3,A,13,19,2,9,7,13,3,9,1,2,0,1
22/23,20/05/23,Atalanta,Verona,3,1,H,1,1,D,13,10,5,2,9,11,6,3,1,3,0,0
22/23,20/05/23,Milan,Sampdoria,5,1,H,3,1,H,19,6,9,3,9,10,7,2,1,3,0,0
22/23,21/05/23,Lecce,Spezia,0,0,D,0,0,D,6,14,1,0,15,16,2,5,2,3,0,0
22/23,21/05/23,Torino,Fiorentina,1,1,D,0,0,D,10,8,4,1,9,11,3,3,1,2,0,0
22/23,21/05/23,Napoli,Inter,3,1,H,0,0,D,22,6,9,2,10,14,4,1,1,2,0,1
22/23,21/05/23,Udinese,Lazio,0,1,A,0,0,D,12,14,2,4,15,9,3,8,3,1,0,0
22/23,22/05/23,Roma,Salernitana,2,2,D,0,1,A,22,8,5,3,9,14,6,4,1,4,0,0
22/23,22/05/23,Empoli,Juventus,4,1,H,2,0,H,14,19,7,4,20,19,3,7,2,2,0,0
22/23,26/05/23,Sampdoria,Sassuolo,2,2,D,1,2,A,17,22,3,8,14,10,8,4,1,2,0,0
22/23,27/05/23,Salernitana,Udinese,3,2,H,1,2,A,11,10,3,4,12,22,2,1,3,3,0,1
22/23,27/05/23,Spezia,Torino,0,4,A,0,1,A,8,11,1,4,14,13,5,2,2,2,0,0
22/23,27/05/23,Fiorentina,Roma,2,1,H,0,1,A,15,8,5,4,11,12,7,4,5,3,0,0
22/23,27/05/23,Inter,Atalanta,3,2,H,2,1,H,20,11,11,3,8,18,9,7,0,1,0,0
22/23,28/05/23,Verona,Empoli,1,1,D,0,0,D,13,13,4,3,14,10,3,3,4,0,0,0
22/23,28/05/23,Bologna,Napoli,2,2,D,0,1,A,18,11,6,8,17,10,4,4,1,3,0,0
22/23,28/05/23,Monza,Lecce,0,1,A,0,0,D,5,9,1,1,11,20,1,3,2,3,0,0
22/23,28/05/23,Lazio,Cremonese,3,2,H,2,0,H,12,11,8,5,15,8,4,3,2,2,1,0
22/23,28/05/23,Juventus,Milan,0,1,A,0,1,A,16,9,3,3,12,10,4,5,1,2,0,0
22/23,02/06/23,Sassuolo,Fiorentina,1,3,A,0,0,D,5,15,2,7,7,15,2,4,4,4,2,0
22/23,03/06/23,Torino,Inter,0,1,A,0,1,A,17,14,5,4,6,7,6,4,1,2,0,0
22/23,03/06/23,Cremonese,Salernitana,2,0,H,1,0,H,12,11,4,1,15,12,4,6,1,2,0,0
22/23,03/06/23,Empoli,Lazio,0,2,A,0,0,D,7,21,1,11,7,10,6,7,3,2,1,0
22/23,04/06/23,Napoli,Sampdoria,2,0,H,0,0,D,21,6,9,4,7,7,11,0,0,1,0,0
22/23,04/06/23,Atalanta,Monza,5,2,H,2,0,H,20,8,10,4,13,8,5,1,1,2,0,1
22/23,04/06/23,Lecce,Bologna,2,3,A,1,0,H,20,11,7,7,11,9,7,2,1,3,0,0
22/23,04/06/23,Milan,Verona,3,1,H,1,0,H,14,6,5,1,5,18,7,1,1,4,0,0
22/23,04/06/23,Roma,Spezia,2,1,H,1,1,D,19,8,5,2,14,17,6,2,2,8,0,1
22/23,04/06/23,Udinese,Juventus,0,1,A,0,0,D,13,20,3,5,9,11,6,14,2,2,0,0
23/24,19/08/23,Empoli,Verona,0,1,A,0,0,D,10,10,4,4,17,18,2,4,2,2,0,0
23/24,19/08/23,Frosinone,Napoli,1,3,A,1,2,A,4,19,1,8,14,17,4,6,3,3,0,0
23/24,19/08/23,Genoa,Fiorentina,1,4,A,0,3,A,4,9,2,5,14,13,3,4,2,3,0,0
23/24,19/08/23,Inter,Monza,2,0,H,1,0,H,22,12,3,2,8,13,8,3,1,1,0,0
23/24,20/08/23,Roma,Salernitana,2,2,D,1,1,D,13,3,3,2,12,9,9,1,0,4,0,0
23/24,20/08/23,Sassuolo,Atalanta,0,2,A,0,0,D,11,16,3,6,9,13,7,7,0,0,0,0
23/24,20/08/23,Lecce,Lazio,2,1,H,0,1,A,23,10,7,4,12,16,5,2,3,2,0,0
23/24,20/08/23,Udinese,Juventus,0,3,A,0,3,A,18,9,5,4,12,10,7,3,1,3,0,0
23/24,21/08/23,Torino,Cagliari,0,0,D,0,0,D,11,8,2,2,8,12,8,3,1,1,0,0
23/24,21/08/23,Bologna,Milan,0,2,A,0,2,A,17,10,5,6,10,4,3,6,2,2,0,0
23/24,26/08/23,Frosinone,Atalanta,2,1,H,2,0,H,13,18,5,6,10,10,3,7,1,2,0,0
23/24,26/08/23,Monza,Empoli,2,0,H,1,0,H,20,18,5,6,14,7,6,5,1,2,0,0
23/24,26/08/23,Milan,Torino,4,1,H,3,1,H,17,8,7,1,13,16,2,1,2,3,0,0
23/24,26/08/23,Verona,Roma,2,1,H,2,0,H,5,23,3,7,17,12,1,12,1,3,1,0
23/24,27/08/23,Fiorentina,Lecce,2,2,D,2,0,H,9,6,4,2,13,12,3,3,1,3,0,0
23/24,27/08/23,Juventus,Bologna,1,1,D,0,1,A,14,9,3,4,14,13,5,1,2,1,0,0
23/24,27/08/23,Lazio,Genoa,0,1,A,0,1,A,16,5,2,3,9,16,15,1,4,2,0,0
23/24,27/08/23,Napoli,Sassuolo,2,0,H,1,0,H,25,6,5,1,9,10,12,4,0,1,0,1
23/24,28/08/23,Salernitana,Udinese,1,1,D,0,0,D,9,14,4,6,12,19,7,5,4,4,0,0
23/24,28/08/23,Cagliari,Inter,0,2,A,0,2,A,12,17,2,3,9,10,4,7,1,1,0,0
23/24,01/09/23,Sassuolo,Verona,3,1,H,1,0,H,16,11,7,3,8,13,10,1,1,3,0,0
23/24,01/09/23,Roma,Milan,1,2,A,0,1,A,13,9,2,4,14,15,3,5,2,4,0,1
23/24,02/09/23,Bologna,Cagliari,2,1,H,0,1,A,16,7,7,1,9,13,5,2,1,2,0,0
23/24,02/09/23,Udinese,Frosinone,0,0,D,0,0,D,12,12,6,2,14,9,3,5,2,2,0,0
23/24,02/09/23,Atalanta,Monza,3,0,H,2,0,H,18,8,8,2,11,9,7,3,0,3,0,0
23/24,02/09/23,Napoli,Lazio,1,2,A,1,1,D,22,6,4,2,8,9,7,2,1,2,0,0
23/24,03/09/23,Inter,Fiorentina,4,0,H,1,0,H,21,6,11,2,13,12,1,1,1,1,0,0
23/24,03/09/23,Torino,Genoa,1,0,H,0,0,D,10,7,3,2,13,7,4,0,2,5,0,0
23/24,03/09/23,Empoli,Juventus,0,2,A,0,1,A,7,18,0,5,14,13,3,7,3,3,0,0
23/24,03/09/23,Lecce,Salernitana,2,0,H,1,0,H,20,11,6,4,17,15,6,5,3,3,0,0
23/24,16/09/23,Juventus,Lazio,3,1,H,2,0,H,17,16,7,5,13,13,7,9,5,1,0,0
23/24,16/09/23,Inter,Milan,5,1,H,2,0,H,14,9,7,2,16,13,5,0,2,2,0,0
23/24,16/09/23,Genoa,Napoli,2,2,D,1,0,H,8,12,3,4,14,8,3,1,3,2,0,0
23/24,17/09/23,Cagliari,Udinese,0,0,D,0,0,D,10,11,1,1,12,11,4,6,2,1,1,0
23/24,17/09/23,Frosinone,Sassuolo,4,2,H,1,2,A,16,18,6,7,10,9,5,6,4,2,0,0
23/24,17/09/23,Monza,Lecce,1,1,D,1,1,D,25,4,6,3,17,11,10,1,6,1,1,1
23/24,17/09/23,Fiorentina,Atalanta,3,2,H,2,1,H,15,11,8,4,8,14,3,4,1,2,0,0
23/24,17/09/23,Roma,Empoli,7,0,H,3,0,H,14,8,9,2,15,5,2,6,2,2,0,0
23/24,18/09/23,Salernitana,Torino,0,3,A,0,2,A,14,11,4,3,12,16,1,2,2,2,0,0
23/24,18/09/23,Verona,Bologna,0,0,D,0,0,D,9,11,1,4,18,10,3,4,4,2,0,0
23/24,22/09/23,Salernitana,Frosinone,1,1,D,0,1,A,19,9,6,3,12,12,8,6,2,2,0,0
23/24,22/09/23,Lecce,Genoa,1,0,H,0,0,D,18,8,3,1,12,10,4,3,1,3,0,1
23/24,23/09/23,Milan,Verona,1,0,H,1,0,H,9,10,4,2,13,9,2,3,4,2,0,0
23/24,23/09/23,Sassuolo,Juventus,4,2,H,2,1,H,18,15,7,2,13,8,6,3,4,2,0,0
23/24,23/09/23,Lazio,Monza,1,1,D,1,1,D,8,16,1,4,13,7,1,3,2,2,0,0
23/24,24/09/23,Empoli,Inter,0,1,A,0,0,D,7,23,1,6,15,11,3,6,2,2,0,0
23/24,24/09/23,Atalanta,Cagliari,2,0,H,1,0,H,10,11,6,1,6,11,7,7,1,2,0,0
23/24,24/09/23,Udinese,Fiorentina,0,2,A,0,1,A,20,6,8,2,13,11,10,3,0,1,0,0
23/24,24/09/23,Bologna,Napoli,0,0,D,0,0,D,5,12,2,4,16,12,5,5,4,5,0,0
23/24,24/09/23,Torino,Roma,1,1,D,0,0,D,13,11,4,3,4,5,7,1,0,2,0,0
23/24,26/09/23,Juventus,Lecce,1,0,H,0,0,D,14,2,5,0,14,15,5,1,2,5,0,1
23/24,27/09/23,Cagliari,Milan,1,3,A,1,2,A,16,17,6,6,13,6,3,5,3,1,0,0
23/24,27/09/23,Empoli,Salernitana,1,0,H,1,0,H,13,14,6,2,18,13,10,2,2,1,0,0
23/24,27/09/23,Verona,Atalanta,0,1,A,0,1,A,11,8,2,2,10,25,4,1,2,3,0,0
23/24,27/09/23,Inter,Sassuolo,1,2,A,1,0,H,13,13,3,6,10,8,8,6,0,1,0,0
23/24,27/09/23,Lazio,Torino,2,0,H,0,0,D,6,7,3,2,12,13,4,2,1,4,0,0
23/24,27/09/23,Napoli,Udinese,4,1,H,2,0,H,23,13,10,3,11,10,8,4,1,1,0,0
23/24,28/09/23,Frosinone,Fiorentina,1,1,D,0,1,A,11,19,3,6,6,11,8,10,3,3,0,0
23/24,28/09/23,Monza,Bologna,0,0,D,0,0,D,12,7,3,5,9,13,7,5,5,3,0,1
23/24,28/09/23,Genoa,Roma,4,1,H,2,1,H,8,13,4,3,7,12,1,7,4,3,0,0
23/24,30/09/23,Lecce,Napoli,0,4,A,0,1,A,9,15,4,6,11,11,3,7,3,2,0,0
23/24,30/09/23,Milan,Lazio,2,0,H,0,0,D,14,13,7,4,15,5,7,1,3,2,0,0
23/24,30/09/23,Salernitana,Inter,0,4,A,0,0,D,12,16,3,6,12,10,3,3,2,1,0,0
23/24,01/10/23,Bologna,Empoli,3,0,H,1,0,H,21,12,9,4,11,16,2,6,2,4,0,0
23/24,01/10/23,Udinese,Genoa,2,2,D,1,2,A,11,8,2,4,12,12,5,0,2,2,1,0
23/24,01/10/23,Atalanta,Juventus,0,0,D,0,0,D,15,5,2,3,13,7,5,2,1,2,0,0
23/24,01/10/23,Roma,Frosinone,2,0,H,1,0,H,11,8,5,0,12,11,7,3,1,2,0,0
23/24,02/10/23,Sassuolo,Monza,0,1,A,0,0,D,19,13,7,4,8,10,7,4,0,0,0,0
23/24,02/10/23,Torino,Verona,0,0,D,0,0,D,8,5,2,2,6,11,10,1,1,1,0,0
23/24,02/10/23,Fiorentina,Cagliari,3,0,H,2,0,H,14,6,2,4,10,10,4,2,1,1,0,0
23/24,06/10/23,Empoli,Udinese,0,0,D,0,0,D,18,11,3,1,11,15,5,7,1,2,0,0
23/24,06/10/23,Lecce,Sassuolo,1,1,D,0,1,A,13,14,4,1,9,15,5,3,2,3,0,0
23/24,07/10/23,Inter,Bologna,2,2,D,2,1,H,14,8,5,3,11,9,7,7,2,3,0,0
23/24,07/10/23,Juventus,Torino,2,0,H,0,0,D,17,10,6,1,10,8,7,3,1,1,0,0
23/24,07/10/23,Genoa,Milan,0,1,A,0,0,D,7,12,1,3,10,13,3,2,3,5,1,1
23/24,08/10/23,Monza,Salernitana,3,0,H,2,0,H,16,8,7,5,8,16,7,7,1,2,0,0
23/24,08/10/23,Frosinone,Verona,2,1,H,1,0,H,11,16,2,4,9,12,2,4,1,4,0,0
23/24,08/10/23,Lazio,Atalanta,3,2,H,2,1,H,12,12,4,4,7,10,4,6,1,1,0,0
23/24,08/10/23,Cagliari,Roma,1,4,A,0,2,A,16,11,2,5,15,13,4,3,2,3,0,0
23/24,08/10/23,Napoli,Fiorentina,1,3,A,1,1,D,16,12,4,3,4,14,6,4,2,4,0,0
23/24,21/10/23,Verona,Napoli,1,3,A,0,2,A,15,22,9,10,12,9,5,8,3,2,0,0
23/24,21/10/23,Torino,Inter,0,3,A,0,0,D,7,14,3,4,13,8,2,4,1,2,0,0
23/24,21/10/23,Sassuolo,Lazio,0,2,A,0,2,A,9,18,2,6,6,10,5,7,1,5,0,0
23/24,22/10/23,Roma,Monza,1,0,H,0,0,D,21,11,4,4,11,11,8,5,2,4,0,1
23/24,22/10/23,Bologna,Frosinone,2,1,H,2,0,H,12,12,6,5,10,14,4,5,2,2,0,1
23/24,22/10/23,Salernitana,Cagliari,2,2,D,0,0,D,13,13,2,6,11,12,8,5,3,4,0,0
23/24,22/10/23,Atalanta,Genoa,2,0,H,0,0,D,13,15,8,4,17,9,8,4,4,2,0,0
23/24,22/10/23,Milan,Juventus,0,1,A,0,0,D,7,14,1,4,12,16,6,3,1,4,1,0
23/24,23/10/23,Udinese,Lecce,1,1,D,0,0,D,12,12,6,1,11,15,2,7,3,5,0,0
23/24,23/10/23,Fiorentina,Empoli,0,2,A,0,1,A,19,7,7,3,13,17,13,3,1,3,0,0
23/24,27/10/23,Genoa,Salernitana,1,0,H,1,0,H,8,7,4,2,11,19,7,0,3,4,0,0
23/24,28/10/23,Sassuolo,Bologna,1,1,D,1,1,D,17,9,6,5,11,10,6,2,1,4,0,0
23/24,28/10/23,Lecce,Torino,0,1,A,0,1,A,11,10,6,2,17,19,3,0,3,5,0,0
23/24,28/10/23,Juventus,Verona,1,0,H,0,0,D,30,7,6,1,13,8,5,1,3,2,0,0
23/24,29/10/23,Cagliari,Frosinone,4,3,H,0,2,A,24,10,6,6,8,7,5,7,1,4,0,0
23/24,29/10/23,Monza,Udinese,1,1,D,1,0,H,10,10,4,3,15,11,10,3,2,1,0,0
23/24,29/10/23,Inter,Roma,1,0,H,0,0,D,19,3,3,1,14,9,8,0,3,4,0,0
23/24,29/10/23,Napoli,Milan,2,2,D,0,2,A,17,20,4,6,14,10,6,4,4,3,1,0
23/24,30/10/23,Empoli,Atalanta,0,3,A,0,2,A,9,18,2,6,10,13,3,6,4,0,0,0
23/24,30/10/23,Lazio,Fiorentina,1,0,H,0,0,D,11,9,4,5,12,17,0,4,3,3,0,0
23/24,03/11/23,Bologna,Lazio,1,0,H,0,0,D,6,11,2,1,12,8,2,6,2,5,0,0
23/24,04/11/23,Salernitana,Napoli,0,2,A,0,1,A,10,21,3,8,15,10,8,9,1,1,0,0
23/24,04/11/23,Atalanta,Inter,1,2,A,0,1,A,14,10,4,4,13,9,6,1,4,1,1,0
23/24,04/11/23,Milan,Udinese,0,1,A,0,0,D,14,12,5,2,13,14,11,5,1,2,0,0
23/24,05/11/23,Verona,Monza,1,3,A,0,1,A,16,12,5,6,6,12,2,6,1,2,0,0
23/24,05/11/23,Cagliari,Genoa,2,1,H,0,0,D,12,8,4,2,14,11,1,1,4,2,0,0
23/24,05/11/23,Roma,Lecce,2,1,H,0,0,D,15,15,5,4,18,11,5,2,3,5,0,0
23/24,05/11/23,Fiorentina,Juventus,0,1,A,0,1,A,25,4,4,3,12,21,9,2,1,3,0,0
23/24,06/11/23,Frosinone,Empoli,2,1,H,0,0,D,17,10,5,2,7,9,9,2,3,2,0,0
23/24,06/11/23,Torino,Sassuolo,2,1,H,1,1,D,21,5,9,2,9,6,9,2,1,1,0,0
23/24,10/11/23,Sassuolo,Salernitana,2,2,D,1,2,A,29,9,9,2,12,14,11,0,2,1,0,0
23/24,10/11/23,Genoa,Verona,1,0,H,1,0,H,16,7,6,1,9,16,6,7,1,4,0,0
23/24,11/11/23,Lecce,Milan,2,2,D,0,2,A,14,10,5,6,12,16,3,1,4,6,0,1
23/24,11/11/23,Juventus,Cagliari,2,1,H,0,0,D,18,11,4,2,14,8,12,4,3,1,0,0
23/24,11/11/23,Monza,Torino,1,1,D,0,0,D,12,12,5,5,11,11,3,1,2,2,0,0
23/24,12/11/23,Napoli,Empoli,0,1,A,0,0,D,18,8,7,3,11,13,8,3,1,1,0,0
23/24,12/11/23,Fiorentina,Bologna,2,1,H,1,1,D,12,11,4,4,19,15,0,3,2,2,0,0
23/24,12/11/23,Udinese,Atalanta,1,1,D,1,0,H,13,8,4,2,13,13,7,7,2,3,0,0
23/24,12/11/23,Lazio,Roma,0,0,D,0,0,D,7,8,2,1,12,13,4,1,3,4,0,0
23/24,12/11/23,Inter,Frosinone,2,0,H,1,0,H,21,12,6,3,7,16,9,4,0,1,0,0
23/24,25/11/23,Salernitana,Lazio,2,1,H,0,1,A,13,13,6,2,11,12,4,9,5,3,0,0
23/24,25/11/23,Atalanta,Napoli,1,2,A,0,1,A,16,11,5,4,15,9,5,4,2,2,0,0
23/24,25/11/23,Milan,Fiorentina,1,0,H,1,0,H,9,20,6,4,9,10,3,11,1,2,0,0
23/24,26/11/23,Cagliari,Monza,1,1,D,1,0,H,17,12,6,4,10,15,10,11,1,2,0,0
23/24,26/11/23,Empoli,Sassuolo,3,4,A,2,2,D,11,17,9,9,20,15,6,5,4,2,0,0
23/24,26/11/23,Frosinone,Genoa,2,1,H,1,1,D,9,13,5,3,5,14,4,2,2,4,0,0
23/24,26/11/23,Roma,Udinese,3,1,H,1,0,H,12,6,5,2,8,15,7,1,1,3,0,0
23/24,26/11/23,Juventus,Inter,1,1,D,1,1,D,4,8,1,4,12,13,1,0,2,1,0,0
23/24,27/11/23,Verona,Lecce,2,2,D,1,1,D,19,14,11,5,15,17,4,2,1,2,0,0
23/24,27/11/23,Bologna,Torino,2,0,H,0,0,D,13,9,2,3,16,15,3,2,3,4,0,0
23/24,01/12/23,Monza,Juventus,1,2,A,0,1,A,16,18,1,7,12,8,7,3,1,2,0,0
23/24,02/12/23,Genoa,Empoli,1,1,D,1,0,H,21,9,1,1,15,19,5,3,3,1,0,0
23/24,02/12/23,Lazio,Cagliari,1,0,H,1,0,H,10,9,5,2,11,12,4,3,0,2,0,1
23/24,02/12/23,Milan,Frosinone,3,1,H,1,0,H,10,15,3,3,11,6,6,7,1,1,0,0
23/24,03/12/23,Lecce,Bologna,1,1,D,0,0,D,14,11,4,4,12,18,6,3,3,2,0,0
23/24,03/12/23,Fiorentina,Salernitana,3,0,H,2,0,H,22,11,9,1,13,12,3,2,1,0,0,0
23/24,03/12/23,Udinese,Verona,3,3,D,2,1,H,12,13,6,4,16,13,5,3,2,5,0,0
23/24,03/12/23,Sassuolo,Roma,1,2,A,1,0,H,8,15,2,7,10,11,1,11,4,1,1,0
23/24,03/12/23,Napoli,Inter,0,3,A,0,1,A,15,11,4,4,2,13,6,4,2,2,0,0
23/24,04/12/23,Torino,Atalanta,3,0,H,1,0,H,9,10,5,4,12,14,4,3,2,2,0,0
23/24,08/12/23,Juventus,Napoli,1,0,H,0,0,D,11,13,2,1,11,12,3,6,2,4,0,0
23/24,09/12/23,Verona,Lazio,1,1,D,0,1,A,5,14,1,5,16,11,1,7,2,4,1,0
23/24,09/12/23,Atalanta,Milan,3,2,H,1,1,D,19,14,7,4,11,11,6,4,1,5,0,1
23/24,09/12/23,Inter,Udinese,4,0,H,3,0,H,17,11,8,1,9,6,6,1,0,1,0,0
23/24,10/12/23,Frosinone,Torino,0,0,D,0,0,D,11,16,5,3,13,17,3,8,3,3,0,0
23/24,10/12/23,Monza,Genoa,1,0,H,0,0,D,6,16,3,1,11,13,2,3,1,2,0,0
23/24,10/12/23,Salernitana,Bologna,1,2,A,0,2,A,9,10,2,5,20,15,5,1,7,2,0,0
23/24,10/12/23,Roma,Fiorentina,1,1,D,1,0,H,4,14,1,8,14,14,1,6,5,3,2,1
23/24,11/12/23,Empoli,Lecce,1,1,D,0,0,D,18,14,6,5,14,18,8,3,2,2,0,0
23/24,11/12/23,Cagliari,Sassuolo,2,1,H,0,1,A,18,8,6,4,15,15,10,4,1,7,0,1
23/24,15/12/23,Genoa,Juventus,1,1,D,0,1,A,11,11,3,4,14,12,6,8,2,3,0,0
23/24,16/12/23,Lecce,Frosinone,2,1,H,1,1,D,18,11,6,5,8,14,5,4,1,4,0,0
23/24,16/12/23,Napoli,Cagliari,2,1,H,0,0,D,21,9,5,3,9,10,5,3,5,3,0,0
23/24,16/12/23,Torino,Empoli,1,0,H,1,0,H,10,7,3,2,15,10,6,4,4,2,0,0
23/24,17/12/23,Milan,Monza,3,0,H,2,0,H,17,21,9,4,8,8,4,5,1,2,0,0
23/24,17/12/23,Fiorentina,Verona,1,0,H,0,0,D,5,19,3,7,11,12,1,6,3,1,0,0
23/24,17/12/23,Udinese,Sassuolo,2,2,D,1,0,H,9,21,7,7,13,6,1,13,3,1,1,0
23/24,17/12/23,Bologna,Roma,2,0,H,1,0,H,8,8,2,3,16,16,0,4,4,4,0,0
23/24,17/12/23,Lazio,Inter,0,2,A,0,1,A,13,12,4,4,13,15,8,7,1,2,1,0
23/24,18/12/23,Atalanta,Salernitana,4,1,H,0,1,A,20,10,11,3,9,11,10,7,1,2,0,0
23/24,22/12/23,Empoli,Lazio,0,2,A,0,1,A,21,14,7,7,6,17,8,9,3,2,0,0
23/24,22/12/23,Sassuolo,Genoa,1,2,A,1,0,H,12,14,3,5,11,9,3,6,2,1,0,0
23/24,22/12/23,Monza,Fiorentina,0,1,A,0,1,A,7,14,2,5,12,16,1,4,3,4,0,0
23/24,22/12/23,Salernitana,Milan,2,2,D,1,1,D,19,21,7,9,16,11,6,6,3,1,1,0
23/24,23/12/23,Frosinone,Juventus,1,2,A,0,1,A,10,13,3,3,6,12,8,8,0,2,0,0
23/24,23/12/23,Bologna,Atalanta,1,0,H,0,0,D,9,12,1,2,10,14,2,3,2,4,0,0
23/24,23/12/23,Torino,Udinese,1,1,D,0,0,D,14,10,4,4,10,11,8,2,2,2,0,0
23/24,23/12/23,Inter,Lecce,2,0,H,1,0,H,20,11,8,5,8,14,16,2,1,3,0,1
23/24,23/12/23,Verona,Cagliari,2,0,H,0,0,D,13,12,5,3,8,19,11,7,3,4,0,1
23/24,23/12/23,Roma,Napoli,2,0,H,0,0,D,17,7,4,2,19,12,4,0,7,4,0,2
23/24,29/12/23,Fiorentina,Torino,1,0,H,0,0,D,12,6,3,3,11,15,4,2,4,2,0,0
23/24,29/12/23,Napoli,Monza,0,0,D,0,0,D,25,8,9,3,10,21,10,1,4,4,0,0
23/24,29/12/23,Genoa,Inter,1,1,D,1,1,D,13,16,4,6,13,15,8,2,2,2,0,0
23/24,29/12/23,Lazio,Frosinone,3,1,H,0,0,D,13,11,5,2,18,15,6,2,3,2,0,0
23/24,30/12/23,Atalanta,Lecce,1,0,H,0,0,D,17,15,4,2,10,16,5,6,2,2,0,0
23/24,30/12/23,Cagliari,Empoli,0,0,D,0,0,D,15,5,3,1,18,18,8,6,1,3,0,0
23/24,30/12/23,Udinese,Bologna,3,0,H,1,0,H,15,14,7,5,15,14,7,7,2,5,0,0
23/24,30/12/23,Milan,Sassuolo,1,0,H,0,0,D,20,12,2,6,8,7,6,5,0,1,0,0
23/24,30/12/23,Verona,Salernitana,0,1,A,0,0,D,11,9,0,3,14,13,7,6,2,2,0,0
23/24,30/12/23,Juventus,Roma,1,0,H,0,0,D,13,11,4,2,15,14,2,2,1,1,0,0
23/24,05/01/24,Bologna,Genoa,1,1,D,0,1,A,21,3,8,1,8,10,11,2,3,3,0,0
23/24,06/01/24,Inter,Verona,2,1,H,1,0,H,15,8,6,3,16,15,7,0,0,2,0,1
23/24,06/01/24,Frosinone,Monza,2,3,A,0,2,A,10,7,5,2,11,16,5,1,3,5,0,0
23/24,06/01/24,Lecce,Cagliari,1,1,D,1,0,H,15,14,2,2,20,14,7,6,1,1,0,0
23/24,06/01/24,Sassuolo,Fiorentina,1,0,H,1,0,H,7,9,1,3,10,14,1,8,3,2,0,0
23/24,07/01/24,Empoli,Milan,0,3,A,0,2,A,17,13,2,6,9,13,6,6,1,2,0,0
23/24,07/01/24,Torino,Napoli,3,0,H,1,0,H,10,10,6,3,7,10,2,5,0,2,0,1
23/24,07/01/24,Udinese,Lazio,1,2,A,0,1,A,13,7,2,2,16,22,4,4,5,3,0,0
23/24,07/01/24,Salernitana,Juventus,1,2,A,1,0,H,8,18,3,3,9,15,2,8,3,5,1,0
23/24,07/01/24,Roma,Atalanta,1,1,D,1,1,D,16,8,6,2,14,14,6,5,1,6,0,0
23/24,13/01/24,Genoa,Torino,0,0,D,0,0,D,11,6,6,0,11,11,8,4,3,2,0,0
23/24,13/01/24,Napoli,Salernitana,2,1,H,1,1,D,20,6,7,2,15,10,8,3,3,2,0,0
23/24,13/01/24,Verona,Empoli,2,1,H,1,0,H,12,14,7,1,20,17,5,9,4,3,1,0
23/24,13/01/24,Monza,Inter,1,5,A,0,2,A,9,20,2,7,6,12,4,5,2,2,0,0
23/24,14/01/24,Lazio,Lecce,1,0,H,0,0,D,8,11,2,3,14,12,2,5,4,4,0,0
23/24,14/01/24,Cagliari,Bologna,2,1,H,1,1,D,4,11,2,4,12,8,2,5,3,2,0,0
23/24,14/01/24,Fiorentina,Udinese,2,2,D,0,1,A,10,12,3,6,14,13,4,4,1,1,0,0
23/24,14/01/24,Milan,Roma,3,1,H,1,0,H,17,12,5,5,12,9,2,5,2,3,0,0
23/24,15/01/24,Atalanta,Frosinone,5,0,H,3,0,H,21,8,9,5,11,8,8,2,0,1,0,0
23/24,16/01/24,Juventus,Sassuolo,3,0,H,2,0,H,12,8,5,4,9,9,5,2,0,2,0,0
23/24,20/01/24,Roma,Verona,2,1,H,2,0,H,9,12,2,3,14,12,1,2,2,2,0,0
23/24,20/01/24,Udinese,Milan,2,3,A,1,1,D,11,15,6,7,12,9,5,7,6,1,0,0
23/24,21/01/24,Frosinone,Cagliari,3,1,H,0,1,A,17,9,7,4,11,18,8,4,3,5,0,0
23/24,21/01/24,Empoli,Monza,3,0,H,2,0,H,9,15,5,5,15,10,1,7,1,3,0,0
23/24,21/01/24,Salernitana,Genoa,1,2,A,1,1,D,11,5,2,5,7,15,5,5,0,5,0,0
23/24,21/01/24,Lecce,Juventus,0,3,A,0,0,D,12,15,3,8,8,12,5,5,1,1,0,0
23/24,26/01/24,Cagliari,Torino,1,2,A,0,2,A,25,16,10,6,12,12,8,2,2,4,0,0
23/24,27/01/24,Atalanta,Udinese,2,0,H,2,0,H,14,13,11,5,8,11,4,4,2,1,0,0
23/24,27/01/24,Juventus,Empoli,1,1,D,0,0,D,9,16,3,5,11,6,6,7,1,1,1,0
23/24,27/01/24,Milan,Bologna,2,2,D,1,1,D,14,15,4,4,16,12,4,1,5,3,0,0
23/24,28/01/24,Genoa,Lecce,2,1,H,0,1,A,19,19,7,5,12,17,3,8,0,2,0,0
23/24,28/01/24,Monza,Sassuolo,1,0,H,1,0,H,12,14,1,3,8,13,4,5,1,3,0,0
23/24,28/01/24,Verona,Frosinone,1,1,D,1,0,H,15,11,5,6,17,12,1,9,2,2,0,0
23/24,28/01/24,Lazio,Napoli,0,0,D,0,0,D,10,5,1,0,11,11,4,3,3,2,0,0
23/24,28/01/24,Fiorentina,Inter,0,1,A,0,1,A,14,8,4,4,6,12,7,6,2,3,0,0
23/24,29/01/24,Salernitana,Roma,1,2,A,0,0,D,15,5,7,2,12,12,5,1,2,3,0,0
23/24,02/02/24,Lecce,Fiorentina,3,2,H,1,0,H,16,10,8,3,13,14,1,3,3,3,0,0
23/24,03/02/24,Empoli,Genoa,0,0,D,0,0,D,15,10,4,2,11,12,6,6,2,3,0,1
23/24,03/02/24,Udinese,Monza,0,0,D,0,0,D,21,3,6,2,12,13,7,4,3,2,0,0
23/24,03/02/24,Frosinone,Milan,2,3,A,1,1,D,7,13,4,5,10,13,2,4,1,3,0,0
23/24,03/02/24,Bologna,Sassuolo,4,2,H,1,2,A,19,12,4,4,12,10,7,4,1,3,0,0
23/24,04/02/24,Torino,Salernitana,0,0,D,0,0,D,13,3,1,1,11,8,10,1,2,1,0,0
23/24,04/02/24,Napoli,Verona,2,1,H,0,0,D,19,12,8,2,11,14,9,2,3,2,0,0
23/24,04/02/24,Atalanta,Lazio,3,1,H,2,0,H,19,7,5,1,13,14,6,1,2,3,0,0
23/24,04/02/24,Inter,Juventus,1,0,H,1,0,H,15,12,3,1,8,8,6,4,2,2,0,0
23/24,05/02/24,Roma,Cagliari,4,0,H,2,0,H,20,12,6,3,8,12,7,5,1,1,0,0
23/24,09/02/24,Salernitana,Empoli,1,3,A,0,1,A,13,17,4,3,10,17,4,8,3,2,0,0
23/24,10/02/24,Cagliari,Lazio,1,3,A,0,1,A,13,12,6,5,6,9,7,8,1,3,0,0
23/24,10/02/24,Roma,Inter,2,4,A,2,1,H,8,10,3,6,9,14,3,8,2,0,0,0
23/24,10/02/24,Sassuolo,Torino,1,1,D,1,1,D,11,13,4,2,12,11,5,4,1,3,0,0
23/24,11/02/24,Fiorentina,Frosinone,5,1,H,3,0,H,18,11,7,3,16,8,2,5,3,1,0,0
23/24,11/02/24,Bologna,Lecce,4,0,H,2,0,H,16,14,6,3,10,13,4,3,1,2,0,0
23/24,11/02/24,Monza,Verona,0,0,D,0,0,D,11,10,1,1,19,15,5,2,1,2,0,0
23/24,11/02/24,Genoa,Atalanta,1,4,A,0,1,A,15,14,6,9,8,13,7,4,3,4,0,0
23/24,11/02/24,Milan,Napoli,1,0,H,1,0,H,10,12,6,2,9,12,1,2,1,1,0,0
23/24,12/02/24,Juventus,Udinese,0,1,A,0,1,A,14,8,6,1,15,10,8,4,3,3,0,0
23/24,14/02/24,Bologna,Fiorentina,2,0,H,1,0,H,18,12,7,3,11,8,2,3,2,3,0,0
23/24,16/02/24,Torino,Lecce,2,0,H,0,0,D,12,8,4,4,16,11,5,5,1,4,0,1
23/24,16/02/24,Inter,Salernitana,4,0,H,3,0,H,26,1,10,0,9,9,18,0,0,1,0,0
23/24,17/02/24,Napoli,Genoa,1,1,D,0,0,D,25,6,7,4,9,13,7,2,3,2,0,0
23/24,17/02/24,Verona,Juventus,2,2,D,1,1,D,14,18,9,4,8,10,5,4,0,0,0,0
23/24,17/02/24,Atalanta,Sassuolo,3,0,H,1,0,H,28,12,13,4,10,9,11,5,0,0,0,0
23/24,18/02/24,Lazio,Bologna,1,2,A,1,1,D,12,11,7,3,5,11,8,3,2,3,0,0
23/24,18/02/24,Empoli,Fiorentina,1,1,D,0,1,A,5,9,4,4,15,14,0,3,3,2,0,0
23/24,18/02/24,Udinese,Cagliari,1,1,D,1,1,D,17,5,3,2,14,10,3,4,3,2,0,0
23/24,18/02/24,Frosinone,Roma,0,3,A,0,1,A,25,13,7,5,10,16,10,2,0,3,0,0
23/24,18/02/24,Monza,Milan,4,2,H,2,0,H,12,16,6,6,11,10,7,3,4,1,0,1
23/24,22/02/24,Torino,Lazio,0,2,A,0,0,D,24,7,4,4,11,7,7,4,3,2,0,1
23/24,23/02/24,Bologna,Verona,2,0,H,1,0,H,12,7,3,3,12,15,11,1,2,2,0,0
23/24,24/02/24,Sassuolo,Empoli,2,3,A,0,1,A,19,14,5,6,12,14,4,1,1,3,0,0
23/24,24/02/24,Salernitana,Monza,0,2,A,0,0,D,11,17,3,7,6,13,7,11,2,2,0,0
23/24,24/02/24,Genoa,Udinese,2,0,H,2,0,H,19,5,4,1,9,17,8,3,1,4,0,1
23/24,25/02/24,Juventus,Frosinone,3,2,H,2,2,D,22,7,5,3,12,6,8,3,2,2,0,0
23/24,25/02/24,Cagliari,Napoli,1,1,D,0,0,D,8,9,3,4,12,12,4,3,4,1,0,0
23/24,25/02/24,Lecce,Inter,0,4,A,0,1,A,14,11,2,7,13,6,7,10,1,2,0,0
23/24,25/02/24,Milan,Atalanta,1,1,D,1,1,D,20,8,7,3,12,16,5,3,1,4,0,0
23/24,26/02/24,Roma,Torino,3,2,H,1,1,D,6,14,3,6,12,16,0,4,2,2,0,0
23/24,26/02/24,Fiorentina,Lazio,2,1,H,0,1,A,22,5,7,1,15,12,13,2,0,2,0,0
23/24,28/02/24,Sassuolo,Napoli,1,6,A,1,3,A,5,27,2,9,3,5,5,10,0,0,0,0
23/24,28/02/24,Inter,Atalanta,4,0,H,2,0,H,15,6,7,1,10,15,4,1,2,6,0,0
23/24,01/03/24,Lazio,Milan,0,1,A,0,0,D,11,14,3,5,17,19,2,5,5,6,3,0
23/24,02/03/24,Udinese,Salernitana,1,1,D,1,1,D,18,17,5,1,13,13,5,6,6,1,1,0
23/24,02/03/24,Monza,Roma,1,4,A,0,2,A,16,12,5,6,11,18,6,3,1,4,0,0
23/24,02/03/24,Torino,Fiorentina,0,0,D,0,0,D,8,14,2,3,13,13,4,5,2,4,1,0
23/24,03/03/24,Verona,Sassuolo,1,0,H,0,0,D,10,13,5,2,23,10,2,10,4,2,0,0
23/24,03/03/24,Empoli,Cagliari,0,1,A,0,0,D,16,8,3,4,11,15,9,2,0,3,0,0
23/24,03/03/24,Frosinone,Lecce,1,1,D,1,0,H,15,11,7,4,11,10,12,8,1,1,0,0
23/24,03/03/24,Atalanta,Bologna,1,2,A,1,0,H,11,11,2,6,11,12,6,2,3,2,0,0
23/24,03/03/24,Napoli,Juventus,2,1,H,1,0,H,14,18,7,4,6,16,2,1,1,4,0,0
23/24,04/03/24,Inter,Genoa,2,1,H,2,0,H,16,10,5,2,5,17,4,5,2,3,0,0
23/24,08/03/24,Napoli,Torino,1,1,D,0,0,D,22,11,8,2,9,13,13,7,2,2,0,0
23/24,09/03/24,Cagliari,Salernitana,4,2,H,2,0,H,12,12,7,5,16,11,5,4,1,2,0,0
23/24,09/03/24,Sassuolo,Frosinone,1,0,H,0,0,D,10,11,4,1,14,9,1,2,3,1,0,0
23/24,09/03/24,Bologna,Inter,0,1,A,0,1,A,19,5,3,4,17,12,7,2,2,1,0,0
23/24,09/03/24,Genoa,Monza,2,3,A,0,2,A,22,9,6,5,11,10,10,1,1,1,0,0
23/24,10/03/24,Lecce,Verona,0,1,A,0,1,A,15,13,3,4,15,19,11,6,3,3,0,1
23/24,10/03/24,Milan,Empoli,1,0,H,1,0,H,15,5,5,2,18,13,11,4,1,4,0,0
23/24,10/03/24,Juventus,Atalanta,2,2,D,0,1,A,18,7,5,3,12,10,4,3,0,1,0,0
23/24,10/03/24,Fiorentina,Roma,2,2,D,1,0,H,15,10,5,5,10,15,8,2,2,5,0,0
23/24,11/03/24,Lazio,Udinese,1,2,A,0,0,D,18,14,6,5,9,15,9,5,3,6,0,1
23/24,15/03/24,Empoli,Bologna,0,1,A,0,0,D,10,20,1,9,19,12,7,6,4,0,0,0
23/24,16/03/24,Monza,Cagliari,1,0,H,1,0,H,15,10,3,0,11,9,3,7,2,1,0,0
23/24,16/03/24,Udinese,Torino,0,2,A,0,1,A,12,12,1,5,11,17,3,4,3,2,0,0
23/24,16/03/24,Salernitana,Lecce,0,1,A,0,1,A,15,17,6,4,9,18,7,1,4,3,0,0
23/24,16/03/24,Frosinone,Lazio,2,3,A,1,1,D,14,22,5,7,10,15,9,4,1,3,0,0
23/24,17/03/24,Juventus,Genoa,0,0,D,0,0,D,17,5,2,2,11,11,12,2,4,1,1,0
23/24,17/03/24,Verona,Milan,1,3,A,0,1,A,15,18,4,6,9,8,3,5,1,3,0,0
23/24,17/03/24,Roma,Sassuolo,1,0,H,0,0,D,10,8,4,2,11,10,4,7,2,1,0,0
23/24,17/03/24,Inter,Napoli,1,1,D,1,0,H,19,11,6,3,19,6,5,7,2,1,0,0
23/24,30/03/24,Napoli,Atalanta,0,3,A,0,2,A,20,12,6,6,6,13,7,5,2,2,0,0
23/24,30/03/24,Genoa,Frosinone,1,1,D,1,1,D,9,15,3,3,16,11,3,8,2,1,0,0
23/24,30/03/24,Torino,Monza,1,0,H,0,0,D,15,9,6,2,9,11,7,2,0,3,0,1
23/24,30/03/24,Lazio,Juventus,1,0,H,0,0,D,16,9,4,3,12,10,7,2,1,2,0,0
23/24,30/03/24,Fiorentina,Milan,1,2,A,0,0,D,17,14,7,10,8,12,7,5,2,3,0,0
23/24,01/04/24,Bologna,Salernitana,3,0,H,2,0,H,14,8,3,2,11,12,5,3,0,3,0,0
23/24,01/04/24,Cagliari,Verona,1,1,D,0,1,A,11,8,2,5,11,16,7,2,0,2,0,0
23/24,01/04/24,Sassuolo,Udinese,1,1,D,1,1,D,14,12,5,3,7,10,10,1,1,2,0,0
23/24,01/04/24,Lecce,Roma,0,0,D,0,0,D,27,10,6,3,9,12,8,4,3,2,0,0
23/24,01/04/24,Inter,Empoli,2,0,H,1,0,H,19,14,7,3,14,16,8,6,0,2,0,0
23/24,05/04/24,Salernitana,Sassuolo,2,2,D,0,2,A,5,16,2,5,10,13,4,9,4,3,0,0
23/24,06/04/24,Milan,Lecce,3,0,H,2,0,H,16,12,8,7,8,8,5,1,1,1,0,1
23/24,06/04/24,Roma,Lazio,1,0,H,1,0,H,15,11,3,1,14,15,3,6,6,3,0,0
23/24,06/04/24,Empoli,Torino,3,2,H,1,0,H,4,19,3,5,13,13,1,7,2,1,0,0
23/24,07/04/24,Frosinone,Bologna,0,0,D,0,0,D,12,13,5,5,10,14,5,2,1,3,0,0
23/24,07/04/24,Monza,Napoli,2,4,A,1,0,H,7,19,2,8,10,8,1,6,3,1,0,0
23/24,07/04/24,Cagliari,Atalanta,2,1,H,1,1,D,11,7,3,2,16,19,4,4,3,3,0,0
23/24,07/04/24,Verona,Genoa,1,2,A,1,1,D,12,11,3,5,14,15,5,3,3,1,0,0
23/24,07/04/24,Juventus,Fiorentina,1,0,H,1,0,H,7,13,2,2,16,8,5,6,2,1,0,0
23/24,08/04/24,Udinese,Inter,1,2,A,1,0,H,3,23,1,6,11,11,0,8,1,2,0,0
23/24,12/04/24,Lazio,Salernitana,4,1,H,3,1,H,17,8,6,5,15,10,9,0,0,1,0,0
23/24,13/04/24,Lecce,Empoli,1,0,H,0,0,D,14,3,7,0,18,15,10,3,1,0,0,0
23/24,13/04/24,Torino,Juventus,0,0,D,0,0,D,13,8,2,3,18,11,6,2,3,2,1,0
23/24,13/04/24,Bologna,Monza,0,0,D,0,0,D,17,4,7,0,13,19,10,0,4,4,0,0
23/24,14/04/24,Napoli,Frosinone,2,2,D,1,0,H,20,13,9,6,11,14,6,2,3,1,1,0
23/24,14/04/24,Sassuolo,Milan,3,3,D,2,1,H,10,23,5,7,12,9,2,6,3,1,0,0
23/24,14/04/24,Inter,Cagliari,2,2,D,1,0,H,12,11,7,6,5,10,7,0,0,2,0,0
23/24,15/04/24,Fiorentina,Genoa,1,1,D,0,1,A,20,7,3,3,8,19,6,2,1,2,0,0
23/24,15/04/24,Atalanta,Verona,2,2,D,2,0,H,16,13,9,5,6,10,5,4,0,2,0,0
23/24,19/04/24,Genoa,Lazio,0,1,A,0,0,D,8,13,2,1,7,13,2,9,1,2,0,0
23/24,19/04/24,Cagliari,Juventus,2,2,D,2,0,H,9,11,4,3,16,15,4,3,2,3,0,0
23/24,20/04/24,Empoli,Napoli,1,0,H,1,0,H,7,9,1,1,14,12,2,8,2,2,0,0
23/24,20/04/24,Verona,Udinese,1,0,H,0,0,D,16,18,4,1,18,12,10,6,2,2,0,0
23/24,21/04/24,Sassuolo,Lecce,0,3,A,0,2,A,10,14,3,8,10,13,9,4,1,0,0,0
23/24,21/04/24,Torino,Frosinone,0,0,D,0,0,D,13,12,2,3,10,17,6,4,2,2,0,0
23/24,21/04/24,Salernitana,Fiorentina,0,2,A,0,0,D,5,12,1,7,13,11,2,5,2,4,0,0
23/24,21/04/24,Monza,Atalanta,1,2,A,0,1,A,17,12,2,6,8,13,2,8,3,2,0,0
23/24,22/04/24,Roma,Bologna,1,3,A,0,2,A,14,11,5,3,8,12,8,2,5,2,0,0
23/24,22/04/24,Milan,Inter,1,2,A,0,1,A,15,11,6,3,19,10,5,3,3,2,2,1
23/24,25/04/24,Udinese,Roma,1,2,A,1,0,H,9,19,3,5,15,10,5,8,3,2,0,0
23/24,26/04/24,Frosinone,Salernitana,3,0,H,2,0,H,11,17,4,2,13,10,7,3,2,2,0,0
23/24,27/04/24,Lecce,Monza,1,1,D,0,0,D,12,9,4,1,13,18,0,5,2,3,0,0
23/24,27/04/24,Juventus,Milan,0,0,D,0,0,D,18,9,7,0,10,4,9,4,0,1,0,0
23/24,27/04/24,Lazio,Verona,1,0,H,0,0,D,17,7,5,1,13,18,4,2,4,4,0,0
23/24,28/04/24,Inter,Torino,2,0,H,0,0,D,17,11,5,3,6,8,5,4,0,0,0,1
23/24,28/04/24,Bologna,Udinese,1,1,D,0,1,A,15,11,4,4,11,21,10,3,3,7,1,0
23/24,28/04/24,Atalanta,Empoli,2,0,H,1,0,H,17,11,5,2,19,14,8,1,1,2,0,0
23/24,28/04/24,Napoli,Roma,2,2,D,0,0,D,27,10,9,4,11,5,9,2,2,0,0,0
23/24,28/04/24,Fiorentina,Sassuolo,5,1,H,1,0,H,22,7,10,2,9,9,10,2,2,2,0,0
23/24,29/04/24,Genoa,Cagliari,3,0,H,2,0,H,12,12,5,1,12,14,2,4,0,2,0,0
23/24,03/05/24,Torino,Bologna,0,0,D,0,0,D,8,5,1,1,14,11,2,4,2,2,0,0
23/24,04/05/24,Monza,Lazio,2,2,D,0,1,A,17,9,7,5,8,13,5,4,1,7,0,0
23/24,04/05/24,Sassuolo,Inter,1,0,H,1,0,H,6,14,2,1,10,10,2,5,1,1,0,0
23/24,05/05/24,Cagliari,Lecce,1,1,D,1,0,H,9,16,3,3,9,15,3,10,4,4,1,0
23/24,05/05/24,Empoli,Frosinone,0,0,D,0,0,D,7,17,1,5,15,11,3,8,2,3,0,0
23/24,05/05/24,Verona,Fiorentina,2,1,H,1,1,D,9,13,4,4,12,11,1,2,2,1,0,0
23/24,05/05/24,Milan,Genoa,3,3,D,1,1,D,26,6,7,2,8,10,7,1,1,1,0,0
23/24,05/05/24,Roma,Juventus,1,1,D,1,1,D,19,16,5,6,7,11,9,6,1,2,0,0
23/24,06/05/24,Salernitana,Atalanta,1,2,A,1,0,H,9,17,2,4,12,10,1,7,1,0,0,0
23/24,06/05/24,Udinese,Napoli,1,1,D,0,0,D,10,12,2,4,13,10,7,5,0,0,0,0
23/24,10/05/24,Frosinone,Inter,0,5,A,0,1,A,17,14,8,5,4,8,8,4,0,0,0,0
23/24,11/05/24,Napoli,Bologna,0,2,A,0,2,A,16,11,6,4,15,12,9,3,2,1,0,0
23/24,11/05/24,Milan,Cagliari,5,1,H,1,0,H,17,13,10,7,11,9,6,3,2,1,0,0
23/24,12/05/24,Lazio,Empoli,2,0,H,1,0,H,11,16,5,3,18,15,7,7,3,1,0,0
23/24,12/05/24,Genoa,Sassuolo,2,1,H,0,1,A,8,12,2,4,13,10,3,7,1,2,0,0
23/24,12/05/24,Verona,Torino,1,2,A,0,0,D,13,6,5,2,19,15,7,4,3,2,1,0
23/24,12/05/24,Juventus,Salernitana,1,1,D,0,1,A,25,13,6,4,15,12,9,4,2,5,0,0
23/24,12/05/24,Atalanta,Roma,2,1,H,2,0,H,24,9,7,6,11,11,6,1,1,1,0,0
23/24,13/05/24,Lecce,Udinese,0,2,A,0,1,A,9,16,2,3,12,11,8,2,2,1,0,0
23/24,13/05/24,Fiorentina,Monza,2,1,H,1,1,D,15,5,8,2,9,14,6,1,1,1,0,0
23/24,17/05/24,Fiorentina,Napoli,2,2,D,2,1,H,14,15,5,3,16,14,5,3,1,2,0,0
23/24,18/05/24,Lecce,Atalanta,0,2,A,0,0,D,11,19,3,9,7,20,2,5,0,4,0,0
23/24,18/05/24,Torino,Milan,3,1,H,2,0,H,11,16,5,4,15,14,3,8,1,1,0,0
23/24,19/05/24,Sassuolo,Cagliari,0,2,A,0,0,D,7,13,0,3,14,9,5,6,4,2,1,0
23/24,19/05/24,Monza,Frosinone,0,1,A,0,1,A,14,16,2,5,14,13,3,4,1,2,0,0
23/24,19/05/24,Udinese,Empoli,1,1,D,0,0,D,8,4,2,1,14,18,5,5,1,7,0,1
23/24,19/05/24,Inter,Lazio,1,1,D,0,1,A,19,8,7,3,10,15,8,0,0,1,0,0
23/24,19/05/24,Roma,Genoa,1,0,H,0,0,D,21,11,6,4,10,10,6,3,3,0,1,0
23/24,20/05/24,Salernitana,Verona,1,2,A,0,2,A,9,17,1,5,14,19,4,6,3,2,0,0
23/24,20/05/24,Bologna,Juventus,3,3,D,2,0,H,10,11,5,4,8,21,3,2,1,5,0,0
23/24,23/05/24,Cagliari,Fiorentina,2,3,A,0,1,A,14,11,6,5,13,14,4,5,2,4,0,0
23/24,24/05/24,Genoa,Bologna,2,0,H,1,0,H,14,11,3,1,11,11,3,6,1,2,0,0
23/24,25/05/24,Juventus,Monza,2,0,H,2,0,H,12,12,4,4,15,13,3,4,1,3,0,1
23/24,25/05/24,Milan,Salernitana,3,3,D,2,0,H,23,14,11,6,6,9,13,3,0,1,0,0
23/24,26/05/24,Atalanta,Torino,3,0,H,2,0,H,18,8,7,1,18,10,2,5,1,1,0,0
23/24,26/05/24,Napoli,Lecce,0,0,D,0,0,D,24,10,5,0,10,17,4,1,0,0,0,0
23/24,26/05/24,Empoli,Roma,2,1,H,1,1,D,17,15,7,3,18,12,4,5,4,1,0,0
23/24,26/05/24,Frosinone,Udinese,0,1,A,0,0,D,21,10,5,5,6,13,11,1,0,2,0,0
23/24,26/05/24,Lazio,Sassuolo,1,1,D,0,0,D,8,8,6,3,15,11,5,3,3,1,0,0
23/24,26/05/24,Verona,Inter,2,2,D,2,2,D,18,15,8,11,17,8,9,3,1,1,0,0
23/24,02/06/24,Atalanta,Fiorentina,2,3,A,2,3,A,12,8,3,4,5,9,4,4,0,2,0,0
24/25,17/08/24,Genoa,Inter,2,2,D,1,1,D,10,14,6,9,15,14,1,4,1,2,0,0
24/25,17/08/24,Parma,Fiorentina,1,1,D,1,0,H,13,14,5,7,15,9,4,9,3,2,0,1
24/25,17/08/24,Empoli,Monza,0,0,D,0,0,D,9,4,1,1,16,19,7,3,0,2,0,0
24/25,17/08/24,Milan,Torino,2,2,D,0,1,A,20,6,6,3,10,7,9,2,2,4,0,0
24/25,18/08/24,Bologna,Udinese,1,1,D,0,0,D,22,4,7,2,15,13,7,5,0,4,0,0
24/25,18/08/24,Verona,Napoli,3,0,H,0,0,D,8,15,5,5,15,13,1,5,4,1,0,0
24/25,18/08/24,Cagliari,Roma,0,0,D,0,0,D,12,13,2,3,15,7,5,3,2,0,0,0
24/25,18/08/24,Lazio,Venezia,3,1,H,2,1,H,13,11,6,3,14,11,6,3,1,2,0,0
24/25,19/08/24,Lecce,Atalanta,0,4,A,0,2,A,19,10,5,6,10,24,5,3,0,2,0,0
24/25,19/08/24,Juventus,Como,3,0,H,2,0,H,12,1,9,1,12,6,3,0,2,4,0,0
24/25,24/08/24,Parma,Milan,2,1,H,1,0,H,8,17,5,5,9,13,3,9,0,3,0,0
24/25,24/08/24,Udinese,Lazio,2,1,H,1,0,H,8,17,3,5,15,10,4,13,0,0,1,0
24/25,24/08/24,Inter,Lecce,2,0,H,1,0,H,11,10,3,4,9,12,10,6,0,2,0,0
24/25,24/08/24,Monza,Genoa,0,1,A,0,1,A,9,11,2,1,6,17,8,3,2,3,0,0
24/25,25/08/24,Fiorentina,Venezia,0,0,D,0,0,D,12,7,8,4,13,19,7,3,1,2,0,0
24/25,25/08/24,Torino,Atalanta,2,1,H,1,1,D,13,24,6,8,8,13,4,6,3,4,0,0
24/25,25/08/24,Napoli,Bologna,3,0,H,1,0,H,16,9,5,2,11,17,7,5,2,2,0,0
24/25,25/08/24,Roma,Empoli,1,2,A,0,1,A,17,10,6,3,10,9,8,5,0,3,0,0
24/25,26/08/24,Cagliari,Como,1,1,D,1,0,H,11,13,5,4,12,10,5,6,2,2,0,0
24/25,26/08/24,Verona,Juventus,0,3,A,0,2,A,7,7,1,5,8,8,4,1,2,0,0,0
24/25,30/08/24,Venezia,Torino,0,1,A,0,0,D,13,12,4,6,7,15,3,3,2,4,0,0
24/25,30/08/24,Inter,Atalanta,4,0,H,2,0,H,13,11,5,1,6,15,3,4,0,2,0,0
24/25,31/08/24,Bologna,Empoli,1,1,D,1,1,D,14,4,3,2,15,18,6,3,0,3,0,0
24/25,31/08/24,Lecce,Cagliari,1,0,H,1,0,H,17,21,4,2,10,13,7,10,1,3,1,0
24/25,31/08/24,Lazio,Milan,2,2,D,0,1,A,7,10,5,4,12,9,5,7,4,2,0,0
24/25,31/08/24,Napoli,Parma,2,1,H,0,1,A,29,13,7,2,12,6,6,4,2,4,0,1
24/25,01/09/24,Fiorentina,Monza,2,2,D,1,2,A,15,4,5,3,11,21,6,0,2,4,0,0
24/25,01/09/24,Genoa,Verona,0,2,A,0,0,D,11,10,1,3,8,16,3,1,2,6,0,0
24/25,01/09/24,Juventus,Roma,0,0,D,0,0,D,8,7,1,1,11,12,6,4,2,2,0,0
24/25,01/09/24,Udinese,Como,1,0,H,1,0,H,10,21,3,4,16,9,4,6,3,0,0,0
24/25,14/09/24,Como,Bologna,2,2,D,1,0,H,14,14,4,4,17,12,4,3,2,1,0,0
24/25,14/09/24,Empoli,Juventus,0,0,D,0,0,D,8,15,3,3,11,10,4,8,1,2,0,0
24/25,14/09/24,Milan,Venezia,4,0,H,4,0,H,12,6,8,1,12,12,6,1,1,3,0,1
24/25,15/09/24,Genoa,Roma,1,1,D,0,1,A,20,16,8,6,9,12,4,5,1,3,0,0
24/25,15/09/24,Atalanta,Fiorentina,3,2,H,3,2,H,13,13,7,5,16,15,4,2,2,3,0,0
24/25,15/09/24,Torino,Lecce,0,0,D,0,0,D,5,20,0,6,13,13,2,7,1,3,0,0
24/25,15/09/24,Cagliari,Napoli,0,4,A,0,1,A,16,12,3,5,22,11,7,4,1,2,0,0
24/25,15/09/24,Monza,Inter,1,1,D,0,0,D,5,16,2,2,11,19,1,8,1,2,0,0
24/25,16/09/24,Parma,Udinese,2,3,A,2,0,H,9,18,3,6,8,18,5,6,2,3,1,0
24/25,16/09/24,Lazio,Verona,2,1,H,2,1,H,14,7,7,2,13,10,9,6,2,2,0,0
24/25,20/09/24,Cagliari,Empoli,0,2,A,0,1,A,21,9,2,4,15,21,10,4,1,2,0,0
24/25,20/09/24,Verona,Torino,2,3,A,1,2,A,8,16,2,3,10,8,5,6,3,1,1,0
24/25,21/09/24,Venezia,Genoa,2,0,H,0,0,D,12,9,4,0,9,12,3,4,2,3,0,0
24/25,21/09/24,Juventus,Napoli,0,0,D,0,0,D,9,8,1,1,10,13,4,3,1,0,0,0
24/25,21/09/24,Lecce,Parma,2,2,D,1,0,H,14,24,3,10,12,11,2,12,4,0,1,1
24/25,22/09/24,Fiorentina,Lazio,2,1,H,0,1,A,14,20,5,6,11,15,3,10,3,4,0,0
24/25,22/09/24,Monza,Bologna,1,2,A,1,1,D,6,15,3,8,20,16,2,2,3,2,0,0
24/25,22/09/24,Roma,Udinese,3,0,H,1,0,H,14,9,6,3,15,11,2,1,2,2,0,0
24/25,22/09/24,Inter,Milan,1,2,A,1,1,D,13,16,4,8,13,4,6,2,4,1,0,0
24/25,24/09/24,Atalanta,Como,2,3,A,1,0,H,8,14,5,7,12,17,6,2,1,3,0,0
24/25,27/09/24,Milan,Lecce,3,0,H,3,0,H,15,16,6,7,5,8,4,7,1,1,1,0
24/25,28/09/24,Udinese,Inter,2,3,A,1,2,A,10,16,3,7,13,6,7,3,1,0,0,0
24/25,28/09/24,Genoa,Juventus,0,3,A,0,0,D,7,12,2,3,8,14,5,3,2,1,0,0
24/25,28/09/24,Bologna,Atalanta,1,1,D,0,0,D,5,23,1,5,16,12,2,9,3,3,1,0
24/25,29/09/24,Torino,Lazio,2,3,A,0,1,A,12,13,7,7,10,13,3,1,2,3,0,0
24/25,29/09/24,Como,Verona,3,2,H,1,0,H,24,6,11,3,10,19,9,1,2,5,0,1
24/25,29/09/24,Roma,Venezia,2,1,H,0,1,A,22,18,5,7,8,13,6,3,1,2,0,0
24/25,29/09/24,Empoli,Fiorentina,0,0,D,0,0,D,8,13,1,0,15,12,2,4,0,1,0,0
24/25,29/09/24,Napoli,Monza,2,0,H,2,0,H,11,5,2,1,16,8,1,3,1,2,0,0
24/25,30/09/24,Parma,Cagliari,2,3,A,0,1,A,18,11,4,4,10,16,5,3,3,2,0,0
24/25,04/10/24,Napoli,Como,3,1,H,1,1,D,9,11,6,2,7,10,4,1,1,1,0,0
24/25,04/10/24,Verona,Venezia,2,1,H,1,1,D,13,11,4,2,10,7,13,6,3,0,0,0
24/25,05/10/24,Udinese,Lecce,1,0,H,0,0,D,13,9,4,3,12,16,5,0,2,2,0,0
24/25,05/10/24,Atalanta,Genoa,5,1,H,1,0,H,23,7,8,2,9,15,4,2,0,0,0,0
24/25,05/10/24,Inter,Torino,3,2,H,2,1,H,29,7,8,5,6,9,14,0,1,2,0,1
24/25,06/10/24,Juventus,Cagliari,1,1,D,1,0,H,21,9,9,2,13,10,8,3,5,2,1,0
24/25,06/10/24,Bologna,Parma,0,0,D,0,0,D,19,13,3,2,15,16,13,6,1,0,0,1
24/25,06/10/24,Lazio,Empoli,2,1,H,1,1,D,16,7,6,2,10,17,5,3,2,4,0,0
24/25,06/10/24,Monza,Roma,1,1,D,0,0,D,3,15,3,4,16,13,1,3,3,1,0,0
24/25,06/10/24,Fiorentina,Milan,2,1,H,1,0,H,12,16,3,8,11,21,0,7,2,3,0,1
24/25,19/10/24,Como,Parma,1,1,D,1,1,D,11,9,3,3,14,10,7,4,1,2,0,0
24/25,19/10/24,Genoa,Bologna,2,2,D,0,1,A,10,12,4,7,20,12,1,7,2,0,0,0
24/25,19/10/24,Milan,Udinese,1,0,H,1,0,H,10,13,5,1,3,14,8,4,2,3,1,0
24/25,19/10/24,Juventus,Lazio,1,0,H,0,0,D,16,2,3,1,16,9,7,1,4,2,0,1
24/25,20/10/24,Empoli,Napoli,0,1,A,0,0,D,11,9,4,1,14,13,7,7,2,2,0,0
24/25,20/10/24,Lecce,Fiorentina,0,6,A,0,3,A,5,19,2,11,8,14,1,3,0,5,1,0
24/25,20/10/24,Venezia,Atalanta,0,2,A,0,1,A,12,16,4,7,12,6,2,5,1,1,0,0
24/25,20/10/24,Cagliari,Torino,3,2,H,1,1,D,18,17,5,5,9,8,9,12,1,3,0,0
24/25,20/10/24,Roma,Inter,0,1,A,0,0,D,14,11,3,6,12,13,3,3,2,3,0,0
24/25,21/10/24,Verona,Monza,0,3,A,0,1,A,16,10,4,4,8,13,9,6,3,2,0,0
24/25,25/10/24,Udinese,Cagliari,2,0,H,1,0,H,13,3,4,0,13,9,2,4,2,3,0,1
24/25,25/10/24,Torino,Como,1,0,H,0,0,D,8,20,2,6,13,12,1,3,3,3,0,0
24/25,26/10/24,Napoli,Lecce,1,0,H,0,0,D,24,11,8,2,13,7,16,5,3,2,0,0
24/25,26/10/24,Atalanta,Verona,6,1,H,5,1,H,19,4,10,2,3,15,4,2,0,1,0,0
24/25,27/10/24,Parma,Empoli,1,1,D,0,1,A,17,6,4,2,12,17,9,3,4,5,0,0
24/25,27/10/24,Lazio,Genoa,3,0,H,1,0,H,18,6,4,2,12,6,7,4,3,1,0,0
24/25,27/10/24,Monza,Venezia,2,2,D,2,2,D,13,6,2,2,17,16,4,3,4,2,1,0
24/25,27/10/24,Inter,Juventus,4,4,D,3,2,H,18,10,9,5,11,16,13,5,2,1,0,0
24/25,27/10/24,Fiorentina,Roma,5,1,H,3,1,H,21,14,10,5,13,11,6,2,2,5,0,1
24/25,29/10/24,Cagliari,Bologna,0,2,A,0,1,A,14,11,2,4,17,18,7,2,2,2,0,0
24/25,29/10/24,Lecce,Verona,1,0,H,0,0,D,14,7,6,1,14,21,3,4,1,3,0,2
24/25,29/10/24,Milan,Napoli,0,2,A,0,2,A,13,9,5,4,14,6,5,1,0,1,0,0
24/25,30/10/24,Empoli,Inter,0,3,A,0,0,D,6,15,1,5,12,13,1,4,1,1,1,0
24/25,30/10/24,Venezia,Udinese,3,2,H,1,2,A,18,15,7,5,9,13,2,6,3,4,0,1
24/25,30/10/24,Atalanta,Monza,2,0,H,0,0,D,16,4,6,3,14,11,5,1,2,3,0,0
24/25,30/10/24,Juventus,Parma,2,2,D,1,2,A,24,13,6,5,7,5,10,6,2,0,0,0
24/25,31/10/24,Genoa,Fiorentina,0,1,A,0,0,D,14,12,4,4,13,10,4,4,4,2,0,0
24/25,31/10/24,Como,Lazio,1,5,A,0,2,A,14,14,2,7,14,18,3,5,2,5,1,1
24/25,31/10/24,Roma,Torino,1,0,H,1,0,H,10,4,3,2,11,15,3,5,2,2,0,0
24/25,02/11/24,Bologna,Lecce,1,0,H,0,0,D,20,6,4,0,9,14,9,1,2,2,0,0
24/25,02/11/24,Udinese,Juventus,0,2,A,0,2,A,11,11,2,5,12,14,10,3,2,2,0,0
24/25,02/11/24,Monza,Milan,0,1,A,0,1,A,12,18,2,7,18,15,3,5,2,1,0,0
24/25,03/11/24,Napoli,Atalanta,0,3,A,0,2,A,13,12,3,3,10,8,4,3,1,3,0,0
24/25,03/11/24,Torino,Fiorentina,0,1,A,0,1,A,9,8,1,3,16,12,1,3,2,1,0,0
24/25,03/11/24,Verona,Roma,3,2,H,2,1,H,7,14,3,3,16,11,2,2,2,2,1,0
24/25,03/11/24,Inter,Venezia,1,0,H,0,0,D,20,7,8,2,14,15,9,3,2,1,0,0
24/25,04/11/24,Empoli,Como,1,0,H,0,0,D,9,12,4,2,17,9,3,6,1,0,0,0
24/25,04/11/24,Parma,Genoa,0,1,A,0,0,D,13,15,0,7,5,18,3,7,2,5,0,0
24/25,04/11/24,Lazio,Cagliari,2,1,H,1,1,D,20,6,5,1,12,17,2,3,3,8,0,2
24/25,07/11/24,Genoa,Como,1,1,D,0,1,A,8,18,4,8,17,15,8,5,4,3,0,0
24/25,08/11/24,Lecce,Empoli,1,1,D,0,1,A,18,11,3,6,7,24,4,3,0,3,0,0
24/25,09/11/24,Venezia,Parma,1,2,A,1,1,D,12,10,6,3,9,10,6,6,1,2,0,0
24/25,09/11/24,Cagliari,Milan,3,3,D,1,2,A,16,13,7,6,7,11,6,3,0,2,0,0
24/25,09/11/24,Juventus,Torino,2,0,H,1,0,H,13,6,4,1,7,14,5,5,1,3,0,0
24/25,10/11/24,Atalanta,Udinese,2,1,H,0,1,A,11,11,4,6,10,12,4,5,1,1,0,0
24/25,10/11/24,Fiorentina,Verona,3,1,H,1,1,D,11,8,6,2,1,19,8,3,1,2,0,0
24/25,10/11/24,Roma,Bologna,2,3,A,0,1,A,15,15,5,4,16,21,4,3,2,3,0,0
24/25,10/11/24,Monza,Lazio,0,1,A,0,1,A,12,14,2,6,13,10,6,6,5,1,0,0
24/25,10/11/24,Inter,Napoli,1,1,D,1,1,D,13,5,4,2,15,12,4,2,2,0,0,0
24/25,23/11/24,Verona,Inter,0,5,A,0,5,A,9,12,2,7,14,5,4,2,2,1,0,0
24/25,23/11/24,Milan,Juventus,0,0,D,0,0,D,6,7,1,2,9,12,2,4,3,2,0,0
24/25,23/11/24,Parma,Atalanta,1,3,A,0,2,A,9,15,3,6,6,8,2,5,0,2,0,0
24/25,24/11/24,Genoa,Cagliari,2,2,D,1,1,D,20,17,6,6,11,7,6,8,2,2,0,0
24/25,24/11/24,Como,Fiorentina,0,2,A,0,1,A,10,8,4,4,11,15,3,4,2,1,1,0
24/25,24/11/24,Torino,Monza,1,1,D,0,0,D,12,9,5,6,17,13,7,3,1,2,0,0
24/25,24/11/24,Napoli,Roma,1,0,H,0,0,D,14,6,2,1,8,9,8,2,0,3,0,0
24/25,24/11/24,Lazio,Bologna,3,0,H,0,0,D,13,3,4,1,14,14,3,0,3,3,0,1
24/25,25/11/24,Empoli,Udinese,1,1,D,1,0,H,4,16,2,3,8,13,1,8,3,2,0,0
24/25,25/11/24,Venezia,Lecce,0,1,A,0,0,D,16,7,6,2,12,16,6,2,1,3,0,0
24/25,29/11/24,Cagliari,Verona,1,0,H,0,0,D,19,11,6,2,10,12,7,1,1,2,0,0
24/25,30/11/24,Como,Monza,1,1,D,1,0,H,17,9,3,3,16,11,11,4,3,0,0,0
24/25,30/11/24,Milan,Empoli,3,0,H,2,0,H,20,9,4,0,12,16,7,3,2,2,0,0
24/25,30/11/24,Bologna,Venezia,3,0,H,1,0,H,16,5,9,1,14,15,1,0,0,2,0,0
24/25,01/12/24,Udinese,Genoa,0,2,A,0,1,A,4,15,2,5,13,11,6,4,2,3,1,0
24/25,01/12/24,Parma,Lazio,3,1,H,1,0,H,12,23,4,8,17,13,4,10,4,3,0,0
24/25,01/12/24,Torino,Napoli,0,1,A,0,1,A,5,16,1,6,15,9,4,7,4,1,0,0
24/25,01/12/24,Lecce,Juventus,1,1,D,0,0,D,10,14,6,3,8,9,2,7,1,4,0,0
24/25,02/12/24,Roma,Atalanta,0,2,A,0,0,D,5,18,1,7,17,13,2,4,2,3,0,0
24/25,06/12/24,Inter,Parma,3,1,H,1,0,H,18,5,5,2,8,3,10,1,1,1,0,0
24/25,06/12/24,Atalanta,Milan,2,1,H,1,1,D,17,6,8,2,14,13,7,0,2,0,0,0
24/25,07/12/24,Genoa,Torino,0,0,D,0,0,D,5,10,1,3,12,15,4,4,2,1,0,0
24/25,07/12/24,Juventus,Bologna,2,2,D,0,1,A,10,10,3,4,18,14,1,4,3,4,0,0
24/25,07/12/24,Roma,Lecce,4,1,H,1,1,D,23,3,9,1,5,14,8,1,2,3,0,0
24/25,08/12/24,Fiorentina,Cagliari,1,0,H,1,0,H,8,8,3,1,9,20,6,4,3,2,0,0
24/25,08/12/24,Verona,Empoli,1,4,A,1,4,A,12,15,3,5,15,16,5,8,2,2,0,0
24/25,08/12/24,Venezia,Como,2,2,D,1,0,H,8,10,4,4,12,10,5,9,1,1,0,0
24/25,08/12/24,Napoli,Lazio,0,1,A,0,0,D,12,7,1,3,16,12,6,2,2,3,0,0
24/25,09/12/24,Monza,Udinese,1,2,A,0,1,A,27,10,4,3,12,16,10,1,1,2,0,0
24/25,13/12/24,Empoli,Torino,0,1,A,0,0,D,10,14,4,4,7,15,12,3,2,3,0,0
24/25,14/12/24,Cagliari,Atalanta,0,1,A,0,0,D,12,12,8,2,16,10,2,5,3,3,0,0
24/25,14/12/24,Udinese,Napoli,1,3,A,1,0,H,7,17,3,4,14,8,3,9,1,1,0,0
24/25,14/12/24,Juventus,Venezia,2,2,D,1,0,H,12,8,4,2,9,8,7,4,1,3,0,0
24/25,15/12/24,Lecce,Monza,2,1,H,2,1,H,11,10,4,1,15,16,2,7,1,5,0,0
24/25,15/12/24,Bologna,Fiorentina,1,0,H,0,0,D,16,10,6,4,16,10,1,3,2,2,0,0
24/25,15/12/24,Parma,Verona,2,3,A,1,1,D,19,17,8,6,5,16,5,2,1,3,0,0
24/25,15/12/24,Como,Roma,2,0,H,0,0,D,18,6,7,1,18,17,6,5,6,1,0,0
24/25,15/12/24,Milan,Genoa,0,0,D,0,0,D,22,5,4,0,11,12,9,2,0,2,0,0
24/25,16/12/24,Lazio,Inter,0,6,A,0,2,A,9,12,2,7,7,14,4,2,2,4,0,0
24/25,20/12/24,Verona,Milan,0,1,A,0,0,D,10,14,2,6,21,9,3,8,1,1,0,0
24/25,21/12/24,Torino,Bologna,0,2,A,0,0,D,6,8,0,5,11,17,4,0,0,2,0,0
24/25,21/12/24,Genoa,Napoli,1,2,A,0,2,A,11,12,3,2,8,8,5,6,2,1,0,0
24/25,21/12/24,Lecce,Lazio,1,2,A,0,1,A,11,13,2,7,13,12,6,6,3,1,1,0
24/25,22/12/24,Roma,Parma,5,0,H,2,0,H,19,9,9,3,10,9,5,2,1,2,0,0
24/25,22/12/24,Venezia,Cagliari,2,1,H,1,0,H,12,14,6,7,6,11,4,8,1,2,0,0
24/25,22/12/24,Atalanta,Empoli,3,2,H,2,1,H,16,7,7,3,11,15,6,3,1,1,0,0
24/25,22/12/24,Monza,Juventus,1,2,A,1,2,A,17,16,5,9,7,13,3,7,1,1,0,0
24/25,23/12/24,Fiorentina,Udinese,1,2,A,1,0,H,14,11,3,4,10,14,10,2,2,5,0,0
24/25,23/12/24,Inter,Como,2,0,H,0,0,D,17,8,5,4,13,15,7,1,2,2,0,0
24/25,28/12/24,Empoli,Genoa,1,2,A,0,0,D,12,14,8,5,16,13,7,4,1,2,0,0
24/25,28/12/24,Parma,Monza,2,1,H,0,0,D,9,10,3,4,16,21,4,6,3,7,0,1
24/25,28/12/24,Cagliari,Inter,0,3,A,0,0,D,5,20,1,5,14,5,5,7,0,0,0,0
24/25,28/12/24,Lazio,Atalanta,1,1,D,1,0,H,11,14,5,4,6,11,2,7,2,3,0,0
24/25,29/12/24,Udinese,Torino,2,2,D,1,0,H,10,12,3,6,17,12,4,3,1,0,0,0
24/25,29/12/24,Napoli,Venezia,1,0,H,0,0,D,25,4,8,2,10,12,14,4,0,3,0,0
24/25,29/12/24,Juventus,Fiorentina,2,2,D,1,1,D,15,11,5,4,14,9,7,2,3,1,0,0
24/25,29/12/24,Milan,Roma,1,1,D,1,1,D,21,12,7,5,17,8,6,5,4,4,0,0
24/25,30/12/24,Como,Lecce,2,0,H,0,0,D,15,11,8,1,12,15,4,4,3,2,0,0
24/25,30/12/24,Bologna,Verona,2,3,A,1,2,A,23,8,7,4,9,24,11,5,2,5,1,0
24/25,04/01/25,Venezia,Empoli,1,1,D,1,1,D,8,18,3,6,15,14,2,8,1,2,0,0
24/25,04/01/25,Fiorentina,Napoli,0,3,A,0,1,A,14,10,2,4,17,15,4,2,0,1,0,0
24/25,04/01/25,Verona,Udinese,0,0,D,0,0,D,13,15,3,6,14,16,7,3,3,2,1,0
24/25,05/01/25,Monza,Cagliari,1,2,A,1,1,D,6,13,2,4,16,19,1,3,2,2,1,0
24/25,05/01/25,Lecce,Genoa,0,0,D,0,0,D,10,4,3,1,11,15,9,4,0,1,0,0
24/25,05/01/25,Torino,Parma,0,0,D,0,0,D,12,10,4,3,9,9,8,7,2,1,0,0
24/25,05/01/25,Roma,Lazio,2,0,H,2,0,H,7,17,5,6,12,18,3,10,4,5,0,1
24/25,10/01/25,Lazio,Como,1,1,D,1,0,H,12,17,4,4,14,15,7,7,4,3,1,0
24/25,11/01/25,Empoli,Lecce,1,3,A,0,2,A,15,14,5,6,11,21,9,2,0,3,0,0
24/25,11/01/25,Udinese,Atalanta,0,0,D,0,0,D,12,4,3,2,4,16,5,3,1,2,0,0
24/25,11/01/25,Torino,Juventus,1,1,D,1,1,D,11,15,2,9,18,9,9,1,4,1,0,0
24/25,11/01/25,Milan,Cagliari,1,1,D,0,0,D,24,6,11,2,9,11,9,1,1,2,0,0
24/25,12/01/25,Genoa,Parma,1,0,H,0,0,D,14,9,4,3,10,10,6,9,2,3,0,0
24/25,12/01/25,Venezia,Inter,0,1,A,0,1,A,7,17,2,6,12,11,4,5,4,1,0,0
24/25,12/01/25,Bologna,Roma,2,2,D,0,0,D,14,11,8,4,18,10,5,4,4,1,0,0
24/25,12/01/25,Napoli,Verona,2,0,H,1,0,H,14,6,3,2,6,5,8,1,0,0,0,0
24/25,13/01/25,Monza,Fiorentina,2,1,H,1,0,H,10,11,3,2,26,9,2,4,4,1,0,0
24/25,14/01/25,Como,Milan,1,2,A,0,0,D,12,12,4,6,11,17,2,4,1,6,0,0
24/25,14/01/25,Atalanta,Juventus,1,1,D,0,0,D,17,17,6,9,10,7,3,3,1,1,0,0
24/25,15/01/25,Inter,Bologna,2,2,D,2,1,H,12,14,6,6,19,13,3,3,0,0,0,0
24/25,17/01/25,Roma,Genoa,3,1,H,1,1,D,16,7,7,3,12,12,3,2,1,1,0,0
24/25,18/01/25,Bologna,Monza,3,1,H,2,1,H,18,3,7,1,16,18,4,0,1,3,0,0
24/25,18/01/25,Juventus,Milan,2,0,H,0,0,D,15,13,6,3,19,11,5,5,0,2,0,0
24/25,18/01/25,Atalanta,Napoli,2,3,A,1,2,A,15,6,6,3,18,9,3,1,4,2,0,0
24/25,19/01/25,Fiorentina,Torino,1,1,D,1,0,H,20,6,6,3,16,11,9,2,3,3,0,1
24/25,19/01/25,Cagliari,Lecce,4,1,H,0,1,A,19,7,7,2,11,10,6,1,3,1,0,1
24/25,19/01/25,Parma,Venezia,1,1,D,0,1,A,19,7,8,2,13,16,8,2,2,3,0,0
24/25,19/01/25,Verona,Lazio,0,3,A,0,2,A,16,14,3,5,10,8,5,6,6,2,1,0
24/25,19/01/25,Inter,Empoli,3,1,H,0,0,D,18,5,7,1,11,9,7,3,0,0,0,0
24/25,20/01/25,Como,Udinese,4,1,H,2,0,H,11,6,8,2,10,16,3,2,2,4,1,1
24/25,24/01/25,Torino,Cagliari,2,0,H,1,0,H,18,6,6,1,11,10,6,3,0,1,0,0
24/25,25/01/25,Como,Atalanta,1,2,A,1,0,H,15,5,5,3,15,10,4,5,2,3,0,0
24/25,25/01/25,Napoli,Juventus,2,1,H,0,1,A,14,5,3,2,9,15,9,1,0,0,0,0
24/25,25/01/25,Empoli,Bologna,1,1,D,1,1,D,5,9,1,8,25,13,2,4,0,0,0,0
24/25,26/01/25,Milan,Parma,3,2,H,1,1,D,14,12,5,5,14,7,7,4,2,5,0,0
24/25,26/01/25,Udinese,Roma,1,2,A,1,0,H,10,16,3,10,15,12,1,5,2,2,0,0
24/25,26/01/25,Lecce,Inter,0,4,A,0,2,A,17,9,4,5,13,12,7,0,0,2,0,0
24/25,26/01/25,Lazio,Fiorentina,1,2,A,0,2,A,22,7,3,3,9,12,14,2,1,4,0,1
24/25,27/01/25,Venezia,Verona,1,1,D,1,0,H,9,21,1,5,16,14,7,9,1,1,0,0
24/25,27/01/25,Genoa,Monza,2,0,H,0,0,D,18,5,6,1,13,19,9,6,0,4,0,0
24/25,31/01/25,Parma,Lecce,1,3,A,1,1,D,19,6,7,3,8,14,3,2,1,2,0,0
24/25,01/02/25,Monza,Verona,0,1,A,0,1,A,9,12,2,4,12,23,7,3,2,3,0,0
24/25,01/02/25,Udinese,Venezia,3,2,H,0,0,D,13,14,5,3,20,9,4,6,3,3,0,0
24/25,01/02/25,Atalanta,Torino,1,1,D,1,1,D,22,5,10,3,6,11,8,0,0,3,0,0
24/25,01/02/25,Bologna,Como,2,0,H,1,0,H,15,8,4,1,16,18,4,2,3,4,0,1
24/25,02/02/25,Juventus,Empoli,4,1,H,0,1,A,23,10,8,3,14,13,8,6,0,3,0,1
24/25,02/02/25,Fiorentina,Genoa,2,1,H,2,0,H,7,17,6,3,17,14,1,8,3,1,0,0
24/25,02/02/25,Milan,Inter,1,1,D,1,0,H,10,16,4,6,5,9,8,11,0,2,0,0
24/25,02/02/25,Roma,Napoli,1,1,D,0,1,A,12,5,2,2,9,13,2,3,2,1,0,0
24/25,03/02/25,Cagliari,Lazio,1,2,A,0,1,A,15,11,5,6,14,9,7,7,0,0,0,0
24/25,06/02/25,Fiorentina,Inter,3,0,H,0,0,D,10,11,6,2,11,10,1,8,0,0,0,0
24/25,07/02/25,Como,Juventus,1,2,A,1,1,D,16,8,6,3,15,15,9,1,3,1,0,0
24/25,08/02/25,Verona,Atalanta,0,5,A,0,4,A,18,17,7,7,10,6,7,2,2,1,0,0
24/25,08/02/25,Empoli,Milan,0,2,A,0,0,D,8,16,0,5,17,10,2,6,2,4,1,1
24/25,08/02/25,Torino,Genoa,1,1,D,1,0,H,10,6,3,2,11,10,4,2,2,2,0,0
24/25,09/02/25,Venezia,Roma,0,1,A,0,0,D,12,13,3,5,13,21,4,6,2,3,0,0
24/25,09/02/25,Cagliari,Parma,2,1,H,0,0,D,14,9,3,1,14,12,7,6,0,0,0,0
24/25,09/02/25,Lazio,Monza,5,1,H,1,0,H,26,3,9,1,10,12,8,1,0,1,0,0
24/25,09/02/25,Lecce,Bologna,0,0,D,0,0,D,6,8,1,2,14,16,6,5,0,2,0,0
24/25,09/02/25,Napoli,Udinese,1,1,D,1,1,D,18,8,4,4,11,10,6,6,0,1,0,0
24/25,10/02/25,Inter,Fiorentina,2,1,H,1,1,D,22,7,8,2,16,15,8,1,4,3,0,0
24/25,14/02/25,Bologna,Torino,3,2,H,1,1,D,23,8,7,5,7,17,8,2,0,4,0,0
24/25,15/02/25,Atalanta,Cagliari,0,0,D,0,0,D,9,3,2,0,7,11,8,2,1,1,0,0
24/25,15/02/25,Lazio,Napoli,2,2,D,1,1,D,12,6,5,3,9,19,7,1,2,2,0,0
24/25,15/02/25,Milan,Verona,1,0,H,0,0,D,18,7,3,2,11,18,10,7,0,0,0,0
24/25,16/02/25,Fiorentina,Como,0,2,A,0,1,A,5,8,3,4,14,24,2,1,3,2,0,0
24/25,16/02/25,Monza,Lecce,0,0,D,0,0,D,8,19,3,5,10,18,3,7,2,2,0,0
24/25,16/02/25,Udinese,Empoli,3,0,H,1,0,H,17,16,9,4,12,17,9,5,0,0,0,0
24/25,16/02/25,Parma,Roma,0,1,A,0,1,A,5,16,1,4,11,5,1,10,0,0,0,0
24/25,16/02/25,Juventus,Inter,1,0,H,0,0,D,16,17,8,2,17,10,7,5,1,1,0,0
24/25,17/02/25,Genoa,Venezia,2,0,H,0,0,D,14,7,5,3,14,15,4,5,1,1,0,0
24/25,21/02/25,Lecce,Udinese,0,1,A,0,1,A,10,12,1,5,15,11,11,8,1,3,0,0
24/25,22/02/25,Parma,Bologna,2,0,H,1,0,H,4,16,3,1,14,13,0,4,2,1,0,0
24/25,22/02/25,Venezia,Lazio,0,0,D,0,0,D,9,9,2,3,21,12,6,6,4,2,0,0
24/25,22/02/25,Torino,Milan,2,1,H,1,0,H,9,26,3,8,14,5,4,11,1,1,0,0
24/25,22/02/25,Inter,Genoa,1,0,H,0,0,D,18,11,5,2,7,14,6,7,0,2,0,0
24/25,23/02/25,Como,Napoli,2,1,H,1,1,D,8,13,3,4,17,14,4,6,1,3,0,0
24/25,23/02/25,Verona,Fiorentina,1,0,H,0,0,D,7,8,3,3,19,8,4,1,3,3,0,0
24/25,23/02/25,Empoli,Atalanta,0,5,A,0,3,A,10,14,1,8,4,17,3,4,0,1,0,0
24/25,23/02/25,Cagliari,Juventus,0,1,A,0,1,A,8,14,2,7,9,15,3,4,0,1,0,0
24/25,24/02/25,Roma,Monza,4,0,H,2,0,H,23,5,6,2,6,7,6,3,0,1,0,0
24/25,27/02/25,Bologna,Milan,2,1,H,0,1,A,14,8,4,4,13,15,4,5,1,2,0,0
24/25,28/02/25,Fiorentina,Lecce,1,0,H,1,0,H,10,8,3,3,10,12,5,2,3,2,0,0
24/25,01/03/25,Atalanta,Venezia,0,0,D,0,0,D,18,8,3,2,12,14,3,2,1,2,0,0
24/25,01/03/25,Napoli,Inter,1,1,D,0,1,A,19,6,4,1,7,15,12,3,1,0,0,0
24/25,01/03/25,Udinese,Parma,1,0,H,1,0,H,20,9,6,4,15,7,7,7,1,1,0,0
24/25,02/03/25,Monza,Torino,0,2,A,0,1,A,9,13,2,7,10,20,1,4,2,2,0,0
24/25,02/03/25,Bologna,Cagliari,2,1,H,0,1,A,15,2,5,1,15,24,4,1,1,2,0,0
24/25,02/03/25,Genoa,Empoli,1,1,D,0,1,A,5,7,1,1,12,18,3,6,1,3,0,0
24/25,02/03/25,Roma,Como,2,1,H,0,1,A,11,10,4,3,6,18,1,2,2,7,0,1
24/25,02/03/25,Milan,Lazio,1,2,A,0,1,A,15,21,4,8,14,6,3,5,2,1,1,0
24/25,03/03/25,Juventus,Verona,2,0,H,0,0,D,27,5,9,2,14,8,6,0,1,0,0,0
24/25,07/03/25,Cagliari,Genoa,1,1,D,1,0,H,9,8,1,2,16,15,2,5,2,2,0,0
24/25,08/03/25,Como,Venezia,1,1,D,0,0,D,12,11,7,6,11,14,3,5,2,3,0,0
24/25,08/03/25,Parma,Torino,2,2,D,0,1,A,12,6,4,2,16,15,7,4,4,2,0,0
24/25,08/03/25,Lecce,Milan,2,3,A,1,0,H,11,16,3,9,13,7,2,7,2,1,0,0
24/25,08/03/25,Inter,Monza,3,2,H,1,2,A,30,8,9,4,8,7,13,1,0,1,0,0
24/25,09/03/25,Verona,Bologna,1,2,A,0,1,A,7,12,2,6,23,11,1,3,2,1,1,0
24/25,09/03/25,Napoli,Fiorentina,2,1,H,1,0,H,19,7,11,2,10,5,4,4,1,2,0,0
24/25,09/03/25,Empoli,Roma,0,1,A,0,1,A,3,16,1,7,12,10,1,9,0,0,0,0
24/25,09/03/25,Juventus,Atalanta,0,4,A,0,1,A,9,19,2,9,12,11,2,5,1,1,0,0
24/25,10/03/25,Lazio,Udinese,1,1,D,1,1,D,10,15,5,4,9,11,4,9,2,4,0,0
24/25,14/03/25,Genoa,Lecce,2,1,H,2,0,H,8,15,2,2,12,10,3,3,3,2,0,0
24/25,15/03/25,Monza,Parma,1,1,D,0,0,D,12,14,4,6,14,16,6,3,0,3,0,0
24/25,15/03/25,Udinese,Verona,0,1,A,0,0,D,11,7,3,2,21,16,2,1,5,2,0,0
24/25,15/03/25,Milan,Como,2,1,H,0,1,A,9,15,3,6,21,7,0,5,3,3,0,1
24/25,15/03/25,Torino,Empoli,1,0,H,0,0,D,13,16,3,2,9,12,5,5,1,0,0,0
24/25,16/03/25,Venezia,Napoli,0,0,D,0,0,D,13,15,4,7,19,8,3,8,2,1,0,0
24/25,16/03/25,Bologna,Lazio,5,0,H,1,0,H,13,7,7,2,18,16,7,1,2,3,0,0
24/25,16/03/25,Roma,Cagliari,1,0,H,0,0,D,13,11,1,5,4,12,8,3,0,2,0,0
24/25,16/03/25,Fiorentina,Juventus,3,0,H,2,0,H,9,11,3,2,9,13,1,6,2,3,0,0
24/25,16/03/25,Atalanta,Inter,0,2,A,0,0,D,16,14,3,5,11,14,2,6,3,3,1,1
24/25,29/03/25,Como,Empoli,1,1,D,0,0,D,16,14,5,4,5,22,4,1,2,5,0,1
24/25,29/03/25,Venezia,Bologna,0,1,A,0,0,D,6,13,3,4,14,21,2,3,4,1,0,0
24/25,29/03/25,Juventus,Genoa,1,0,H,1,0,H,9,9,6,3,13,11,4,3,3,2,0,0
24/25,29/03/25,Lecce,Roma,0,1,A,0,0,D,17,16,4,6,6,11,6,6,1,3,0,0
24/25,30/03/25,Cagliari,Monza,3,0,H,0,0,D,11,12,4,3,17,11,4,6,2,2,0,0
24/25,30/03/25,Fiorentina,Atalanta,1,0,H,1,0,H,12,9,4,0,7,16,2,4,0,3,0,0
24/25,30/03/25,Inter,Udinese,2,1,H,2,0,H,13,11,3,4,8,14,2,4,2,0,0,0
24/25,30/03/25,Napoli,Milan,2,1,H,2,0,H,8,17,3,4,10,5,2,6,2,2,0,0
24/25,31/03/25,Verona,Parma,0,0,D,0,0,D,6,10,0,1,11,9,5,5,2,1,0,0
24/25,31/03/25,Lazio,Torino,1,1,D,0,0,D,16,7,6,2,9,20,5,3,3,4,0,0
24/25,04/04/25,Genoa,Udinese,1,0,H,0,0,D,13,5,7,2,16,14,1,2,2,2,0,0
24/25,05/04/25,Monza,Como,1,3,A,1,2,A,8,17,4,7,19,21,2,2,2,1,0,0
24/25,05/04/25,Parma,Inter,2,2,D,0,2,A,8,20,4,4,9,7,2,4,2,3,0,0
24/25,05/04/25,Milan,Fiorentina,2,2,D,1,2,A,19,15,6,8,12,12,7,4,4,3,0,0
24/25,06/04/25,Lecce,Venezia,1,1,D,0,0,D,23,13,4,3,10,14,8,3,2,4,0,0
24/25,06/04/25,Empoli,Cagliari,0,0,D,0,0,D,7,7,1,1,9,15,2,3,0,4,0,0
24/25,06/04/25,Torino,Verona,1,1,D,0,0,D,7,13,3,1,9,19,1,5,1,1,1,0
24/25,06/04/25,Atalanta,Lazio,0,1,A,0,0,D,10,8,2,3,6,6,11,4,1,2,0,0
24/25,06/04/25,Roma,Juventus,1,1,D,0,1,A,11,11,4,7,11,15,4,4,1,1,0,0
24/25,07/04/25,Bologna,Napoli,1,1,D,0,1,A,12,6,4,2,11,18,8,3,1,3,0,0
24/25,11/04/25,Udinese,Milan,0,4,A,0,2,A,14,14,5,7,10,9,5,7,1,1,0,0
24/25,12/04/25,Venezia,Monza,1,0,H,0,0,D,9,10,4,3,20,20,3,4,5,3,1,0
24/25,12/04/25,Inter,Cagliari,3,1,H,2,0,H,13,8,4,4,6,12,5,6,0,1,0,0
24/25,12/04/25,Juventus,Lecce,2,1,H,2,0,H,22,14,7,3,7,10,9,4,0,1,0,0
24/25,13/04/25,Atalanta,Bologna,2,0,H,2,0,H,4,12,2,5,17,12,4,5,4,1,0,0
24/25,13/04/25,Fiorentina,Parma,0,0,D,0,0,D,9,7,3,3,10,19,2,2,0,5,0,0
24/25,13/04/25,Verona,Genoa,0,0,D,0,0,D,14,4,2,1,19,11,6,2,3,1,0,0
24/25,13/04/25,Como,Torino,1,0,H,1,0,H,15,10,7,4,9,16,7,4,1,3,0,0
24/25,13/04/25,Lazio,Roma,1,1,D,0,0,D,12,9,7,4,12,12,10,5,4,2,0,0
24/25,14/04/25,Napoli,Empoli,3,0,H,1,0,H,17,12,6,1,8,15,5,5,1,1,0,0
24/25,19/04/25,Lecce,Como,0,3,A,0,1,A,14,11,7,6,18,14,9,4,3,5,0,0
24/25,19/04/25,Monza,Napoli,0,1,A,0,0,D,8,16,0,5,18,11,6,7,4,2,0,0
24/25,19/04/25,Roma,Verona,1,0,H,1,0,H,6,8,3,2,5,17,4,6,0,2,0,0
24/25,20/04/25,Empoli,Venezia,2,2,D,0,0,D,11,13,4,7,18,15,2,5,2,1,0,0
24/25,20/04/25,Bologna,Inter,1,0,H,0,0,D,12,8,3,1,12,21,5,6,2,3,0,0
24/25,20/04/25,Milan,Atalanta,0,1,A,0,0,D,12,11,1,2,8,7,7,5,0,1,0,0
24/25,23/04/25,Cagliari,Fiorentina,1,2,A,1,1,D,8,8,2,4,15,15,4,4,2,2,0,0
24/25,23/04/25,Genoa,Lazio,0,2,A,0,1,A,8,15,4,6,16,10,6,8,3,1,1,1
24/25,23/04/25,Parma,Juventus,1,0,H,1,0,H,6,16,3,2,9,10,4,9,2,3,0,0
24/25,23/04/25,Torino,Udinese,2,0,H,1,0,H,10,10,4,6,11,13,8,7,2,2,0,0
24/25,27/04/25,Como,Genoa,1,0,H,0,0,D,14,4,3,1,19,15,6,3,2,1,0,0
24/25,27/04/25,Venezia,Milan,0,2,A,0,1,A,15,12,2,2,14,13,7,2,1,0,0,0
24/25,27/04/25,Fiorentina,Empoli,2,1,H,2,0,H,6,8,3,5,16,18,1,6,3,2,0,0
24/25,27/04/25,Inter,Roma,0,1,A,0,1,A,17,19,2,7,11,9,4,3,1,2,0,0
24/25,27/04/25,Juventus,Monza,2,0,H,2,0,H,10,12,5,3,17,5,0,5,3,3,1,0
24/25,27/04/25,Atalanta,Lecce,1,1,D,0,1,A,21,10,6,3,10,8,12,3,1,1,0,0
24/25,27/04/25,Napoli,Torino,2,0,H,2,0,H,8,9,2,0,5,13,2,5,0,3,0,0
24/25,28/04/25,Udinese,Bologna,0,0,D,0,0,D,13,12,4,1,21,10,5,6,3,2,0,0
24/25,28/04/25,Lazio,Parma,2,2,D,0,1,A,14,7,7,5,12,11,5,1,1,3,0,0
24/25,28/04/25,Verona,Cagliari,0,2,A,0,1,A,6,6,2,4,14,9,2,3,2,1,1,0
24/25,02/05/25,Torino,Venezia,1,1,D,0,1,A,19,7,4,3,7,18,5,1,1,0,0,0
24/25,03/05/25,Cagliari,Udinese,1,2,A,1,1,D,8,11,2,3,5,15,5,4,1,2,0,0
24/25,03/05/25,Parma,Como,0,1,A,0,0,D,13,13,3,4,16,14,5,5,1,1,0,0
24/25,03/05/25,Lecce,Napoli,0,1,A,0,1,A,9,8,1,2,11,4,5,2,2,0,0,0
24/25,03/05/25,Inter,Verona,1,0,H,1,0,H,9,6,2,1,6,11,4,3,1,3,0,0
24/25,04/05/25,Empoli,Lazio,0,1,A,0,1,A,7,9,2,3,16,8,2,7,5,5,1,1
24/25,04/05/25,Monza,Atalanta,0,4,A,0,2,A,13,15,7,5,9,10,3,7,1,2,0,0
24/25,04/05/25,Roma,Fiorentina,1,0,H,1,0,H,12,13,4,5,9,8,7,4,2,2,0,1
24/25,04/05/25,Bologna,Juventus,1,1,D,0,1,A,9,6,2,3,6,19,10,3,1,3,0,0
24/25,05/05/25,Genoa,Milan,1,2,A,0,0,D,11,10,4,5,14,12,8,7,1,5,0,0
24/25,09/05/25,Milan,Bologna,3,1,H,0,0,D,10,10,5,4,5,14,3,4,2,2,0,0
24/25,10/05/25,Como,Cagliari,3,1,H,2,1,H,19,9,5,3,9,15,5,1,1,3,0,0
24/25,10/05/25,Lazio,Juventus,1,1,D,0,0,D,19,8,6,3,14,10,3,3,5,4,0,1
24/25,10/05/25,Empoli,Parma,2,1,H,1,0,H,15,3,4,1,21,16,4,0,2,2,0,1
24/25,11/05/25,Udinese,Monza,1,2,A,0,0,D,21,5,5,2,21,8,7,0,2,3,0,0
24/25,11/05/25,Verona,Lecce,1,1,D,1,1,D,6,11,2,3,17,15,3,6,4,0,0,0
24/25,11/05/25,Torino,Inter,0,2,A,0,1,A,17,12,3,7,14,6,9,3,1,3,0,0
24/25,11/05/25,Napoli,Genoa,2,2,D,1,1,D,22,8,11,2,12,14,8,0,1,2,0,0
24/25,12/05/25,Venezia,Fiorentina,2,1,H,0,0,D,4,5,4,1,21,17,1,5,1,4,0,0
24/25,12/05/25,Atalanta,Roma,2,1,H,1,1,D,16,10,3,4,14,14,8,7,1,0,0,0
24/25,17/05/25,Genoa,Atalanta,2,3,A,1,0,H,12,13,5,6,10,14,7,0,0,0,0,0
24/25,18/05/25,Cagliari,Venezia,3,0,H,2,0,H,20,10,5,1,7,9,8,8,1,1,0,0
24/25,18/05/25,Fiorentina,Bologna,3,2,H,1,0,H,6,15,5,3,21,17,2,4,4,1,0,1
24/25,18/05/25,Inter,Lazio,2,2,D,1,0,H,10,12,3,4,14,10,5,1,1,3,0,0
24/25,18/05/25,Juventus,Udinese,2,0,H,0,0,D,24,7,7,2,9,13,12,3,0,3,0,0
24/25,18/05/25,Lecce,Torino,1,0,H,0,0,D,10,10,4,4,13,8,3,4,1,1,0,0
24/25,18/05/25,Monza,Empoli,1,3,A,1,0,H,12,9,4,4,8,16,2,6,0,1,0,0
24/25,18/05/25,Parma,Napoli,0,0,D,0,0,D,6,7,4,2,13,16,3,2,2,2,0,0
24/25,18/05/25,Roma,Milan,3,1,H,1,1,D,15,12,6,3,12,16,4,2,3,2,0,1
24/25,18/05/25,Verona,Como,1,1,D,0,1,A,16,12,3,5,13,10,5,5,2,3,0,0
